"AccountExpirationDate","accountExpires","AccountLockoutTime","AccountNotDelegated","adminCount","AllowReversiblePasswordEncryption","AuthenticationPolicy","AuthenticationPolicySilo","BadLogonCount","badPasswordTime","badPwdCount","CannotChangePassword","CanonicalName","Certificates","City","CN","codePage","Company","CompoundIdentitySupported","Country","countryCode","Created","createTimeStamp","Deleted","Department","Description","DisplayName","DistinguishedName","Division","DoesNotRequirePreAuth","dSCorePropagationData","EmailAddress","EmployeeID","EmployeeNumber","Enabled","Fax","GivenName","HomeDirectory","HomedirRequired","HomeDrive","homeMDB","HomePage","HomePhone","Initials","instanceType","isCriticalSystemObject","isDeleted","KerberosEncryptionType","LastBadPasswordAttempt","LastKnownParent","lastLogoff","lastLogon","LastLogonDate","lastLogonTimestamp","legacyExchangeDN","LockedOut","logonCount","LogonWorkstations","mail","mailNickname","Manager","mDBUseDefaults","MemberOf","MNSLogonAccount","MobilePhone","Modified","modifyTimeStamp","msDS-User-Account-Control-Computed","msExchArchiveQuota","msExchArchiveWarnQuota","msExchCalendarLoggingQuota","msExchDumpsterQuota","msExchDumpsterWarningQuota","msExchELCMailboxFlags","msExchHomeServerName","msExchMailboxGuid","msExchMailboxSecurityDescriptor","msExchPoliciesIncluded","msExchRBACPolicyLink","msExchRecipientDisplayType","msExchRecipientTypeDetails","msExchTextMessagingState","msExchUMDtmfMap","msExchUserAccountControl","msExchUserCulture","msExchVersion","msExchWhenMailboxCreated","Name","nTSecurityDescriptor","ObjectCategory","ObjectClass","ObjectGUID","objectSid","Office","OfficePhone","Organization","OtherName","PasswordExpired","PasswordLastSet","PasswordNeverExpires","PasswordNotRequired","POBox","PostalCode","PrimaryGroup","primaryGroupID","PrincipalsAllowedToDelegateToAccount","ProfilePath","ProtectedFromAccidentalDeletion","protocolSettings","proxyAddresses","pwdLastSet","SamAccountName","sAMAccountType","ScriptPath","sDRightsEffective","ServicePrincipalNames","showInAddressBook","SID","SIDHistory","SmartcardLogonRequired","State","StreetAddress","Surname","Title","TrustedForDelegation","TrustedToAuthForDelegation","UseDESKeyOnly","userAccountControl","userCertificate","UserPrincipalName","uSNChanged","uSNCreated","whenChanged","whenCreated"
,"9223372036854775807",,"False","1","False","Microsoft.ActiveDirectory.Management.ADPropertyValueCollection","Microsoft.ActiveDirectory.Management.ADPropertyValueCollection","0","133221319975423744","0","False","powershell.lab/Users/Administrateur","Microsoft.ActiveDirectory.Management.ADPropertyValueCollection",,"Administrateur","0",,"Microsoft.ActiveDirectory.Management.ADPropertyValueCollection",,"0","19/01/2023 02:33:06","19/01/2023 02:33:06",,,"Compte d’utilisateur d’administration","Administrateur","CN=Administrateur,CN=Users,DC=powershell,DC=lab",,"False","Microsoft.ActiveDirectory.Management.ADPropertyValueCollection","Administrateur@powershell.lab",,,"True",,,,"False",,"CN=Mailbox Database 1575952284,CN=Databases,CN=Exchange Administrative Group (FYDIBOHF23SPDLT),CN=Administrative Groups,CN=powershell,CN=Microsoft Exchange,CN=Services,CN=Configuration,DC=powershell,DC=lab",,,,"4","True",,"Microsoft.ActiveDirectory.Management.ADPropertyValueCollection","01/03/2023 09:13:17",,"0","133221328209250593","28/02/2023 08:52:51","133220443712345746","/o=powershell/ou=Exchange Administrative Group (FYDIBOHF23SPDLT)/cn=Recipients/cn=6da0d2f50a5f42cb928191e6091b6edb-Administrateu","False","84",,"Administrateur@powershell.lab","Administrateur",,"True","Microsoft.ActiveDirectory.Management.ADPropertyValueCollection","False",,"28/02/2023 08:52:51","28/02/2023 08:52:51","0","104857600","94371840","6291456","31457280","20971520","130","/o=powershell/ou=Exchange Administrative Group (FYDIBOHF23SPDLT)/cn=Configuration/cn=Servers/cn=SERV-EXCHANGE","System.Byte[]","System.DirectoryServices.ActiveDirectorySecurity","Microsoft.ActiveDirectory.Management.ADPropertyValueCollection","CN=Default Role Assignment Policy,CN=Policies,CN=RBAC,CN=powershell,CN=Microsoft Exchange,CN=Services,CN=Configuration,DC=powershell,DC=lab","1073741824","1","Microsoft.ActiveDirectory.Management.ADPropertyValueCollection","Microsoft.ActiveDirectory.Management.ADPropertyValueCollection","0","fr-FR","88218628259840","23/02/2023 19:47:14","Administrateur","System.DirectoryServices.ActiveDirectorySecurity","CN=Person,CN=Schema,CN=Configuration,DC=powershell,DC=lab","user","5348896f-a768-4c72-9957-01bd7a0516e7","S-1-5-21-380670284-182084129-459501765-500",,,,,"False","19/01/2023 01:45:58","True","False",,,"CN=Utilisateurs du domaine,CN=Users,DC=powershell,DC=lab","513","Microsoft.ActiveDirectory.Management.ADPropertyValueCollection",,"False","Microsoft.ActiveDirectory.Management.ADPropertyValueCollection","Microsoft.ActiveDirectory.Management.ADPropertyValueCollection","133185627586082833","Administrateur","805306368",,"15","Microsoft.ActiveDirectory.Management.ADPropertyValueCollection","Microsoft.ActiveDirectory.Management.ADPropertyValueCollection","S-1-5-21-380670284-182084129-459501765-500","Microsoft.ActiveDirectory.Management.ADPropertyValueCollection","False",,,,,"False","False","False","66048","Microsoft.ActiveDirectory.Management.ADPropertyValueCollection","Administrateur@powershell.lab","46577","8196","28/02/2023 08:52:51","19/01/2023 02:33:06"
,"9223372036854775807",,"False",,"False","Microsoft.ActiveDirectory.Management.ADPropertyValueCollection","Microsoft.ActiveDirectory.Management.ADPropertyValueCollection","0","0","0","False","powershell.lab/Users/Invité","Microsoft.ActiveDirectory.Management.ADPropertyValueCollection",,"Invité","0",,"Microsoft.ActiveDirectory.Management.ADPropertyValueCollection",,"0","19/01/2023 02:33:06","19/01/2023 02:33:06",,,"Compte d’utilisateur invité",,"CN=Invité,CN=Users,DC=powershell,DC=lab",,"False","Microsoft.ActiveDirectory.Management.ADPropertyValueCollection",,,,"False",,,,"False",,,,,,"4","True",,"Microsoft.ActiveDirectory.Management.ADPropertyValueCollection",,,"0","0",,,,"False","0",,,,,,"Microsoft.ActiveDirectory.Management.ADPropertyValueCollection","False",,"19/01/2023 02:33:06","19/01/2023 02:33:06","0",,,,,,,,,,"Microsoft.ActiveDirectory.Management.ADPropertyValueCollection",,,,"Microsoft.ActiveDirectory.Management.ADPropertyValueCollection","Microsoft.ActiveDirectory.Management.ADPropertyValueCollection",,,,,"Invité","System.DirectoryServices.ActiveDirectorySecurity","CN=Person,CN=Schema,CN=Configuration,DC=powershell,DC=lab","user","2d468dd1-e8d0-4e89-a950-9f43f170af00","S-1-5-21-380670284-182084129-459501765-501",,,,,"False",,"True","True",,,"CN=Invités du domaine,CN=Users,DC=powershell,DC=lab","514","Microsoft.ActiveDirectory.Management.ADPropertyValueCollection",,"False","Microsoft.ActiveDirectory.Management.ADPropertyValueCollection","Microsoft.ActiveDirectory.Management.ADPropertyValueCollection","0","Invité","805306368",,"15","Microsoft.ActiveDirectory.Management.ADPropertyValueCollection","Microsoft.ActiveDirectory.Management.ADPropertyValueCollection","S-1-5-21-380670284-182084129-459501765-501","Microsoft.ActiveDirectory.Management.ADPropertyValueCollection","False",,,,,"False","False","False","66082","Microsoft.ActiveDirectory.Management.ADPropertyValueCollection",,"8197","8197","19/01/2023 02:33:06","19/01/2023 02:33:06"
,"9223372036854775807",,"False","1","False","Microsoft.ActiveDirectory.Management.ADPropertyValueCollection","Microsoft.ActiveDirectory.Management.ADPropertyValueCollection","0","0","0","False","powershell.lab/Users/krbtgt","Microsoft.ActiveDirectory.Management.ADPropertyValueCollection",,"krbtgt","0",,"Microsoft.ActiveDirectory.Management.ADPropertyValueCollection",,"0","19/01/2023 02:34:12","19/01/2023 02:34:12",,,"Compte de service du centre de distribution de clés",,"CN=krbtgt,CN=Users,DC=powershell,DC=lab",,"False","Microsoft.ActiveDirectory.Management.ADPropertyValueCollection",,,,"False",,,,"False",,,,,,"4","True",,"Microsoft.ActiveDirectory.Management.ADPropertyValueCollection",,,"0","0",,,,"False","0",,,,,,"Microsoft.ActiveDirectory.Management.ADPropertyValueCollection","False",,"23/02/2023 18:26:03","23/02/2023 18:26:03","0",,,,,,,,,,"Microsoft.ActiveDirectory.Management.ADPropertyValueCollection",,,,"Microsoft.ActiveDirectory.Management.ADPropertyValueCollection","Microsoft.ActiveDirectory.Management.ADPropertyValueCollection",,,,,"krbtgt","System.DirectoryServices.ActiveDirectorySecurity","CN=Person,CN=Schema,CN=Configuration,DC=powershell,DC=lab","user","59a08538-6a73-4fe6-a834-7969a652e0fe","S-1-5-21-380670284-182084129-459501765-502",,,,,"False","19/01/2023 02:34:12","False","False",,,"CN=Utilisateurs du domaine,CN=Users,DC=powershell,DC=lab","513","Microsoft.ActiveDirectory.Management.ADPropertyValueCollection",,"False","Microsoft.ActiveDirectory.Management.ADPropertyValueCollection","Microsoft.ActiveDirectory.Management.ADPropertyValueCollection","133185656527312483","krbtgt","805306368",,"15","Microsoft.ActiveDirectory.Management.ADPropertyValueCollection","Microsoft.ActiveDirectory.Management.ADPropertyValueCollection","S-1-5-21-380670284-182084129-459501765-502","Microsoft.ActiveDirectory.Management.ADPropertyValueCollection","False",,,,,"False","False","False","514","Microsoft.ActiveDirectory.Management.ADPropertyValueCollection",,"40214","12324","23/02/2023 18:26:03","19/01/2023 02:34:12"
,"9223372036854775807",,"False",,"False","Microsoft.ActiveDirectory.Management.ADPropertyValueCollection","Microsoft.ActiveDirectory.Management.ADPropertyValueCollection","0","0","0","True","powershell.lab/Users/Bart Oie","Microsoft.ActiveDirectory.Management.ADPropertyValueCollection",,"Bart Oie","0",,"Microsoft.ActiveDirectory.Management.ADPropertyValueCollection",,"0","02/02/2023 14:29:11","02/02/2023 14:29:11",,,,"Bart Oie","CN=Bart Oie,CN=Users,DC=powershell,DC=lab",,"False","Microsoft.ActiveDirectory.Management.ADPropertyValueCollection",,,,"True",,"Bart",,"False",,,,,,"4",,,"Microsoft.ActiveDirectory.Management.ADPropertyValueCollection",,,"0","0",,,,"False","0",,,,,,"Microsoft.ActiveDirectory.Management.ADPropertyValueCollection","False",,"02/02/2023 14:44:57","02/02/2023 14:44:57","0",,,,,,,,,,"Microsoft.ActiveDirectory.Management.ADPropertyValueCollection",,,,"Microsoft.ActiveDirectory.Management.ADPropertyValueCollection","Microsoft.ActiveDirectory.Management.ADPropertyValueCollection",,,,,"Bart Oie","System.DirectoryServices.ActiveDirectorySecurity","CN=Person,CN=Schema,CN=Configuration,DC=powershell,DC=lab","user","0ff20847-b217-4393-9336-5e1d83b7a078","S-1-5-21-380670284-182084129-459501765-1108",,,,,"False","02/02/2023 14:29:12","True","False",,,"CN=Utilisateurs du domaine,CN=Users,DC=powershell,DC=lab","513","Microsoft.ActiveDirectory.Management.ADPropertyValueCollection",,"False","Microsoft.ActiveDirectory.Management.ADPropertyValueCollection","Microsoft.ActiveDirectory.Management.ADPropertyValueCollection","133198181525487470","boie","805306368",,"15","Microsoft.ActiveDirectory.Management.ADPropertyValueCollection","Microsoft.ActiveDirectory.Management.ADPropertyValueCollection","S-1-5-21-380670284-182084129-459501765-1108","Microsoft.ActiveDirectory.Management.ADPropertyValueCollection","False",,,"Oie",,"False","False","False","66048","Microsoft.ActiveDirectory.Management.ADPropertyValueCollection","boie@powershell.lab","18557","18483","02/02/2023 14:44:57","02/02/2023 14:29:11"
,"9223372036854775807",,"False",,"False","Microsoft.ActiveDirectory.Management.ADPropertyValueCollection","Microsoft.ActiveDirectory.Management.ADPropertyValueCollection","0","0","0","True","powershell.lab/Users/Thibault Timeplé","Microsoft.ActiveDirectory.Management.ADPropertyValueCollection",,"Thibault Timeplé","0",,"Microsoft.ActiveDirectory.Management.ADPropertyValueCollection",,"0","02/02/2023 14:33:03","02/02/2023 14:33:03",,,,"Thibault Timeplé","CN=Thibault Timeplé,CN=Users,DC=powershell,DC=lab",,"False","Microsoft.ActiveDirectory.Management.ADPropertyValueCollection",,,,"True",,"Thibault",,"False",,,,,,"4",,,"Microsoft.ActiveDirectory.Management.ADPropertyValueCollection",,,"0","0",,,,"False","0",,,,,,"Microsoft.ActiveDirectory.Management.ADPropertyValueCollection","False",,"02/02/2023 14:33:05","02/02/2023 14:33:05","0",,,,,,,,,,"Microsoft.ActiveDirectory.Management.ADPropertyValueCollection",,,,"Microsoft.ActiveDirectory.Management.ADPropertyValueCollection","Microsoft.ActiveDirectory.Management.ADPropertyValueCollection",,,,,"Thibault Timeplé","System.DirectoryServices.ActiveDirectorySecurity","CN=Person,CN=Schema,CN=Configuration,DC=powershell,DC=lab","user","1f995d8a-553b-473f-87aa-caa855a6b3c5","S-1-5-21-380670284-182084129-459501765-1109",,,,,"False","02/02/2023 14:33:04","True","False",,,"CN=Utilisateurs du domaine,CN=Users,DC=powershell,DC=lab","513","Microsoft.ActiveDirectory.Management.ADPropertyValueCollection",,"False","Microsoft.ActiveDirectory.Management.ADPropertyValueCollection","Microsoft.ActiveDirectory.Management.ADPropertyValueCollection","133198183849425309","ttimeple","805306368",,"15","Microsoft.ActiveDirectory.Management.ADPropertyValueCollection","Microsoft.ActiveDirectory.Management.ADPropertyValueCollection","S-1-5-21-380670284-182084129-459501765-1109","Microsoft.ActiveDirectory.Management.ADPropertyValueCollection","False",,,"Timeplé",,"False","False","False","66048","Microsoft.ActiveDirectory.Management.ADPropertyValueCollection","ttimeple@powershell.lab","18509","18503","02/02/2023 14:33:05","02/02/2023 14:33:03"
,"9223372036854775807",,"False",,"False","Microsoft.ActiveDirectory.Management.ADPropertyValueCollection","Microsoft.ActiveDirectory.Management.ADPropertyValueCollection","0","0","0","True","powershell.lab/Users/Lara Ménepas","Microsoft.ActiveDirectory.Management.ADPropertyValueCollection",,"Lara Ménepas","0",,"Microsoft.ActiveDirectory.Management.ADPropertyValueCollection",,"0","02/02/2023 14:38:37","02/02/2023 14:38:37",,,,"Lara Ménepas","CN=Lara Ménepas,CN=Users,DC=powershell,DC=lab",,"False","Microsoft.ActiveDirectory.Management.ADPropertyValueCollection",,,,"True",,"Lara",,"False",,,,,,"4",,,"Microsoft.ActiveDirectory.Management.ADPropertyValueCollection",,,"0","0",,,,"False","0",,,,,,"Microsoft.ActiveDirectory.Management.ADPropertyValueCollection","False",,"02/02/2023 14:38:39","02/02/2023 14:38:39","0",,,,,,,,,,"Microsoft.ActiveDirectory.Management.ADPropertyValueCollection",,,,"Microsoft.ActiveDirectory.Management.ADPropertyValueCollection","Microsoft.ActiveDirectory.Management.ADPropertyValueCollection",,,,,"Lara Ménepas","System.DirectoryServices.ActiveDirectorySecurity","CN=Person,CN=Schema,CN=Configuration,DC=powershell,DC=lab","user","c4d7bf00-14bf-42e9-a0eb-7df6229ac101","S-1-5-21-380670284-182084129-459501765-1110",,,,,"False","02/02/2023 14:38:38","True","False",,,"CN=Utilisateurs du domaine,CN=Users,DC=powershell,DC=lab","513","Microsoft.ActiveDirectory.Management.ADPropertyValueCollection",,"False","Microsoft.ActiveDirectory.Management.ADPropertyValueCollection","Microsoft.ActiveDirectory.Management.ADPropertyValueCollection","133198187187693224","lmenepas","805306368",,"15","Microsoft.ActiveDirectory.Management.ADPropertyValueCollection","Microsoft.ActiveDirectory.Management.ADPropertyValueCollection","S-1-5-21-380670284-182084129-459501765-1110","Microsoft.ActiveDirectory.Management.ADPropertyValueCollection","False",,,"Ménepas",,"False","False","False","66048","Microsoft.ActiveDirectory.Management.ADPropertyValueCollection","lmenepas@powershell.lab","18521","18513","02/02/2023 14:38:39","02/02/2023 14:38:37"
,"9223372036854775807",,"False",,"False","Microsoft.ActiveDirectory.Management.ADPropertyValueCollection","Microsoft.ActiveDirectory.Management.ADPropertyValueCollection","0","0","0","True","powershell.lab/Users/Kim M. Mesuive","Microsoft.ActiveDirectory.Management.ADPropertyValueCollection",,"Kim M. Mesuive","0",,"Microsoft.ActiveDirectory.Management.ADPropertyValueCollection",,"0","02/02/2023 14:40:54","02/02/2023 14:40:54",,,,"Kim M. Mesuive","CN=Kim M. Mesuive,CN=Users,DC=powershell,DC=lab",,"False","Microsoft.ActiveDirectory.Management.ADPropertyValueCollection",,,,"True",,"Kim",,"False",,,,,"M","4",,,"Microsoft.ActiveDirectory.Management.ADPropertyValueCollection",,,"0","0",,,,"False","0",,,,,,"Microsoft.ActiveDirectory.Management.ADPropertyValueCollection","False",,"02/02/2023 14:41:17","02/02/2023 14:41:17","0",,,,,,,,,,"Microsoft.ActiveDirectory.Management.ADPropertyValueCollection",,,,"Microsoft.ActiveDirectory.Management.ADPropertyValueCollection","Microsoft.ActiveDirectory.Management.ADPropertyValueCollection",,,,,"Kim M. Mesuive","System.DirectoryServices.ActiveDirectorySecurity","CN=Person,CN=Schema,CN=Configuration,DC=powershell,DC=lab","user","56a7d3b0-0e50-48f9-9e06-776f01314423","S-1-5-21-380670284-182084129-459501765-1111",,,,,"False","02/02/2023 14:41:17","True","False",,,"CN=Utilisateurs du domaine,CN=Users,DC=powershell,DC=lab","513","Microsoft.ActiveDirectory.Management.ADPropertyValueCollection",,"False","Microsoft.ActiveDirectory.Management.ADPropertyValueCollection","Microsoft.ActiveDirectory.Management.ADPropertyValueCollection","133198188772365804","kmesuive","805306368",,"15","Microsoft.ActiveDirectory.Management.ADPropertyValueCollection","Microsoft.ActiveDirectory.Management.ADPropertyValueCollection","S-1-5-21-380670284-182084129-459501765-1111","Microsoft.ActiveDirectory.Management.ADPropertyValueCollection","False",,,"Mesuive",,"False","False","False","66048","Microsoft.ActiveDirectory.Management.ADPropertyValueCollection","kmesuive@powershell.lab","18531","18523","02/02/2023 14:41:17","02/02/2023 14:40:54"
,"9223372036854775807",,"False",,"False","Microsoft.ActiveDirectory.Management.ADPropertyValueCollection","Microsoft.ActiveDirectory.Management.ADPropertyValueCollection","0","0","0","False","powershell.lab/Users/Exchange Online-ApplicationAccount","Microsoft.ActiveDirectory.Management.ADPropertyValueCollection",,"Exchange Online-ApplicationAccount","0",,"Microsoft.ActiveDirectory.Management.ADPropertyValueCollection",,"0","23/02/2023 17:58:21","23/02/2023 17:58:21",,,,,"CN=Exchange Online-ApplicationAccount,CN=Users,DC=powershell,DC=lab",,"False","Microsoft.ActiveDirectory.Management.ADPropertyValueCollection",,,,"False",,,,"False",,,,,,"4",,,"Microsoft.ActiveDirectory.Management.ADPropertyValueCollection",,,"0","0",,,,"False","0",,,,,,"Microsoft.ActiveDirectory.Management.ADPropertyValueCollection","False",,"23/02/2023 17:58:21","23/02/2023 17:58:21","8388608",,,,,,,,,,"Microsoft.ActiveDirectory.Management.ADPropertyValueCollection",,"12","33554432","Microsoft.ActiveDirectory.Management.ADPropertyValueCollection","Microsoft.ActiveDirectory.Management.ADPropertyValueCollection","0",,"1130555651391488",,"Exchange Online-ApplicationAccount","System.DirectoryServices.ActiveDirectorySecurity","CN=Person,CN=Schema,CN=Configuration,DC=powershell,DC=lab","user","dfb86b84-388e-4992-90d3-47e12d6811d0","S-1-5-21-380670284-182084129-459501765-1136",,,,,"True",,"False","True",,,"CN=Utilisateurs du domaine,CN=Users,DC=powershell,DC=lab","513","Microsoft.ActiveDirectory.Management.ADPropertyValueCollection",,"False","Microsoft.ActiveDirectory.Management.ADPropertyValueCollection","Microsoft.ActiveDirectory.Management.ADPropertyValueCollection","0","$G31000-BV76SAFS1H79","805306368",,"15","Microsoft.ActiveDirectory.Management.ADPropertyValueCollection","Microsoft.ActiveDirectory.Management.ADPropertyValueCollection","S-1-5-21-380670284-182084129-459501765-1136","Microsoft.ActiveDirectory.Management.ADPropertyValueCollection","False",,,,,"False","False","False","546","Microsoft.ActiveDirectory.Management.ADPropertyValueCollection","Exchange_Online-ApplicationAccount@powershell.lab","39369","39368","23/02/2023 17:58:21","23/02/2023 17:58:21"
,"9223372036854775807",,"False",,"False","Microsoft.ActiveDirectory.Management.ADPropertyValueCollection","Microsoft.ActiveDirectory.Management.ADPropertyValueCollection","0","0","0","False","powershell.lab/Users/SystemMailbox{1f05a927-c532-497a-9039-9455da536580}","Microsoft.ActiveDirectory.Management.ADPropertyValueCollection",,"SystemMailbox{1f05a927-c532-497a-9039-9455da536580}","0",,"Microsoft.ActiveDirectory.Management.ADPropertyValueCollection",,"0","23/02/2023 17:58:25","23/02/2023 17:58:25",,,,"Assistant Approbation de Microsoft Exchange","CN=SystemMailbox{1f05a927-c532-497a-9039-9455da536580},CN=Users,DC=powershell,DC=lab",,"False","Microsoft.ActiveDirectory.Management.ADPropertyValueCollection","SystemMailbox{1f05a927-c532-497a-9039-9455da536580}@powershell.lab",,,"False",,,,"False",,"CN=Mailbox Database 1575952284,CN=Databases,CN=Exchange Administrative Group (FYDIBOHF23SPDLT),CN=Administrative Groups,CN=powershell,CN=Microsoft Exchange,CN=Services,CN=Configuration,DC=powershell,DC=lab",,,,"4",,,"Microsoft.ActiveDirectory.Management.ADPropertyValueCollection",,,"0","0",,,"/o=powershell/ou=Exchange Administrative Group (FYDIBOHF23SPDLT)/cn=Recipients/cn=fe11f63397884b2c819039c2b7dcb73c-SystemMailbox","False","0",,"SystemMailbox{1f05a927-c532-497a-9039-9455da536580}@powershell.lab","SystemMailbox{1f05a927-c532-497a-9039-9455da536580}",,"False","Microsoft.ActiveDirectory.Management.ADPropertyValueCollection","False",,"23/02/2023 19:47:22","23/02/2023 19:47:22","8388608","104857600","94371840","6291456","31457280","20971520","130","/o=powershell/ou=Exchange Administrative Group (FYDIBOHF23SPDLT)/cn=Configuration/cn=Servers/cn=SERV-EXCHANGE","System.Byte[]","System.DirectoryServices.ActiveDirectorySecurity","Microsoft.ActiveDirectory.Management.ADPropertyValueCollection",,"10","8388608","Microsoft.ActiveDirectory.Management.ADPropertyValueCollection","Microsoft.ActiveDirectory.Management.ADPropertyValueCollection","2",,"1126140425011200","23/02/2023 19:47:22","SystemMailbox{1f05a927-c532-497a-9039-9455da536580}","System.DirectoryServices.ActiveDirectorySecurity","CN=Person,CN=Schema,CN=Configuration,DC=powershell,DC=lab","user","1d1a171c-bf48-43f7-90e5-b3f5545d4839","S-1-5-21-380670284-182084129-459501765-1137",,,,,"True",,"False","False",,,"CN=Utilisateurs du domaine,CN=Users,DC=powershell,DC=lab","513","Microsoft.ActiveDirectory.Management.ADPropertyValueCollection",,"False","Microsoft.ActiveDirectory.Management.ADPropertyValueCollection","Microsoft.ActiveDirectory.Management.ADPropertyValueCollection","0","SM_106933ea54e24d2ba","805306368",,"15","Microsoft.ActiveDirectory.Management.ADPropertyValueCollection","Microsoft.ActiveDirectory.Management.ADPropertyValueCollection","S-1-5-21-380670284-182084129-459501765-1137","Microsoft.ActiveDirectory.Management.ADPropertyValueCollection","False",,,"MSExchApproval 1f05a927-3be2-4fb9-aa03-b59fe3b56f4c",,"False","False","False","514","Microsoft.ActiveDirectory.Management.ADPropertyValueCollection","SystemMailbox{1f05a927-c532-497a-9039-9455da536580}@powershell.lab","40582","39462","23/02/2023 19:47:22","23/02/2023 17:58:25"
,"9223372036854775807",,"False",,"False","Microsoft.ActiveDirectory.Management.ADPropertyValueCollection","Microsoft.ActiveDirectory.Management.ADPropertyValueCollection","0","0","0","False","powershell.lab/Users/SystemMailbox{bb558c35-97f1-4cb9-8ff7-d53741dc928c}","Microsoft.ActiveDirectory.Management.ADPropertyValueCollection",,"SystemMailbox{bb558c35-97f1-4cb9-8ff7-d53741dc928c}","0",,"Microsoft.ActiveDirectory.Management.ADPropertyValueCollection",,"0","23/02/2023 17:58:25","23/02/2023 17:58:25",,,,"Microsoft Exchange","CN=SystemMailbox{bb558c35-97f1-4cb9-8ff7-d53741dc928c},CN=Users,DC=powershell,DC=lab",,"False","Microsoft.ActiveDirectory.Management.ADPropertyValueCollection","SystemMailbox{bb558c35-97f1-4cb9-8ff7-d53741dc928c}@powershell.lab",,,"False",,,,"False",,"CN=Mailbox Database 1575952284,CN=Databases,CN=Exchange Administrative Group (FYDIBOHF23SPDLT),CN=Administrative Groups,CN=powershell,CN=Microsoft Exchange,CN=Services,CN=Configuration,DC=powershell,DC=lab",,,,"4",,,"Microsoft.ActiveDirectory.Management.ADPropertyValueCollection",,,"0","0",,,"/o=powershell/ou=Exchange Administrative Group (FYDIBOHF23SPDLT)/cn=Recipients/cn=2f8f2244e249410ab0045be1365153d0-SystemMailbox","False","0",,"SystemMailbox{bb558c35-97f1-4cb9-8ff7-d53741dc928c}@powershell.lab","SystemMailbox{bb558c35-97f1-4cb9-8ff7-d53741dc928c}",,"False","Microsoft.ActiveDirectory.Management.ADPropertyValueCollection","False",,"23/02/2023 19:50:15","23/02/2023 19:50:15","8388608","104857600","94371840","6291456","31457280","20971520","130","/o=powershell/ou=Exchange Administrative Group (FYDIBOHF23SPDLT)/cn=Configuration/cn=Servers/cn=SERV-EXCHANGE","System.Byte[]","System.DirectoryServices.ActiveDirectorySecurity","Microsoft.ActiveDirectory.Management.ADPropertyValueCollection",,"10","8388608","Microsoft.ActiveDirectory.Management.ADPropertyValueCollection","Microsoft.ActiveDirectory.Management.ADPropertyValueCollection","2",,"1126140425011200","23/02/2023 19:47:27","SystemMailbox{bb558c35-97f1-4cb9-8ff7-d53741dc928c}","System.DirectoryServices.ActiveDirectorySecurity","CN=Person,CN=Schema,CN=Configuration,DC=powershell,DC=lab","user","da4a4047-4804-45ee-96a9-3cc1f1d5cf10","S-1-5-21-380670284-182084129-459501765-1138",,,,,"True",,"False","False",,,"CN=Utilisateurs du domaine,CN=Users,DC=powershell,DC=lab","513","Microsoft.ActiveDirectory.Management.ADPropertyValueCollection",,"False","Microsoft.ActiveDirectory.Management.ADPropertyValueCollection","Microsoft.ActiveDirectory.Management.ADPropertyValueCollection","0","SM_eacac4f68bb84a248","805306368",,"15","Microsoft.ActiveDirectory.Management.ADPropertyValueCollection","Microsoft.ActiveDirectory.Management.ADPropertyValueCollection","S-1-5-21-380670284-182084129-459501765-1138","Microsoft.ActiveDirectory.Management.ADPropertyValueCollection","False",,,"SystemMailbox bb558c35-97f1-4cb9-8ff7-d53741dc928c",,"False","False","False","514","Microsoft.ActiveDirectory.Management.ADPropertyValueCollection","SystemMailbox{bb558c35-97f1-4cb9-8ff7-d53741dc928c}@powershell.lab","40643","39467","23/02/2023 19:50:15","23/02/2023 17:58:25"
,"9223372036854775807",,"False",,"False","Microsoft.ActiveDirectory.Management.ADPropertyValueCollection","Microsoft.ActiveDirectory.Management.ADPropertyValueCollection","0","0","0","False","powershell.lab/Users/SystemMailbox{e0dc1c29-89c3-4034-b678-e6c29d823ed9}","Microsoft.ActiveDirectory.Management.ADPropertyValueCollection",,"SystemMailbox{e0dc1c29-89c3-4034-b678-e6c29d823ed9}","0",,"Microsoft.ActiveDirectory.Management.ADPropertyValueCollection",,"0","23/02/2023 17:58:26","23/02/2023 17:58:26",,,,"Microsoft Exchange","CN=SystemMailbox{e0dc1c29-89c3-4034-b678-e6c29d823ed9},CN=Users,DC=powershell,DC=lab",,"False","Microsoft.ActiveDirectory.Management.ADPropertyValueCollection","SystemMailbox{e0dc1c29-89c3-4034-b678-e6c29d823ed9}@powershell.lab",,,"False",,,,"False",,"CN=Mailbox Database 1575952284,CN=Databases,CN=Exchange Administrative Group (FYDIBOHF23SPDLT),CN=Administrative Groups,CN=powershell,CN=Microsoft Exchange,CN=Services,CN=Configuration,DC=powershell,DC=lab",,,,"4",,,"Microsoft.ActiveDirectory.Management.ADPropertyValueCollection",,,"0","0",,,"/o=powershell/ou=Exchange Administrative Group (FYDIBOHF23SPDLT)/cn=Recipients/cn=2cedd191f58a4fd399ee0497071cb1c7-SystemMailbox","False","0",,"SystemMailbox{e0dc1c29-89c3-4034-b678-e6c29d823ed9}@powershell.lab","SystemMailbox{e0dc1c29-89c3-4034-b678-e6c29d823ed9}",,"False","Microsoft.ActiveDirectory.Management.ADPropertyValueCollection","False",,"23/02/2023 19:50:02","23/02/2023 19:50:02","8388608","104857600","94371840","6291456","31457280","20971520","2","/o=powershell/ou=Exchange Administrative Group (FYDIBOHF23SPDLT)/cn=Configuration/cn=Servers/cn=SERV-EXCHANGE","System.Byte[]","System.DirectoryServices.ActiveDirectorySecurity","Microsoft.ActiveDirectory.Management.ADPropertyValueCollection",,"10","8388608","Microsoft.ActiveDirectory.Management.ADPropertyValueCollection","Microsoft.ActiveDirectory.Management.ADPropertyValueCollection","2",,"1126140425011200","23/02/2023 19:47:37","SystemMailbox{e0dc1c29-89c3-4034-b678-e6c29d823ed9}","System.DirectoryServices.ActiveDirectorySecurity","CN=Person,CN=Schema,CN=Configuration,DC=powershell,DC=lab","user","00f86a3b-4fa2-474a-8b46-2f987ceaa7ca","S-1-5-21-380670284-182084129-459501765-1139",,,,,"True",,"False","False",,,"CN=Utilisateurs du domaine,CN=Users,DC=powershell,DC=lab","513","Microsoft.ActiveDirectory.Management.ADPropertyValueCollection",,"False","Microsoft.ActiveDirectory.Management.ADPropertyValueCollection","Microsoft.ActiveDirectory.Management.ADPropertyValueCollection","0","SM_4fc6fef438c74d1c9","805306368",,"15","Microsoft.ActiveDirectory.Management.ADPropertyValueCollection","Microsoft.ActiveDirectory.Management.ADPropertyValueCollection","S-1-5-21-380670284-182084129-459501765-1139","Microsoft.ActiveDirectory.Management.ADPropertyValueCollection","False",,,"MsExchDiscovery e0dc1c29-89c3-4034-b678-e6c29d823ed9",,"False","False","False","514","Microsoft.ActiveDirectory.Management.ADPropertyValueCollection","SystemMailbox{e0dc1c29-89c3-4034-b678-e6c29d823ed9}@powershell.lab","40640","39472","23/02/2023 19:50:02","23/02/2023 17:58:26"
,"9223372036854775807",,"False",,"False","Microsoft.ActiveDirectory.Management.ADPropertyValueCollection","Microsoft.ActiveDirectory.Management.ADPropertyValueCollection","0","0","0","False","powershell.lab/Users/DiscoverySearchMailbox {D919BA05-46A6-415f-80AD-7E09334BB852}","Microsoft.ActiveDirectory.Management.ADPropertyValueCollection",,"DiscoverySearchMailbox {D919BA05-46A6-415f-80AD-7E09334BB852}","0",,"Microsoft.ActiveDirectory.Management.ADPropertyValueCollection",,"0","23/02/2023 17:58:26","23/02/2023 17:58:26",,,,"Boîte aux lettres de détection","CN=DiscoverySearchMailbox {D919BA05-46A6-415f-80AD-7E09334BB852},CN=Users,DC=powershell,DC=lab",,"False","Microsoft.ActiveDirectory.Management.ADPropertyValueCollection","DiscoverySearchMailbox{D919BA05-46A6-415f-80AD-7E09334BB852}@powershell.lab",,,"False",,,,"False",,"CN=Mailbox Database 1575952284,CN=Databases,CN=Exchange Administrative Group (FYDIBOHF23SPDLT),CN=Administrative Groups,CN=powershell,CN=Microsoft Exchange,CN=Services,CN=Configuration,DC=powershell,DC=lab",,,,"4",,,"Microsoft.ActiveDirectory.Management.ADPropertyValueCollection",,,"0","0",,,"/o=powershell/ou=Exchange Administrative Group (FYDIBOHF23SPDLT)/cn=Recipients/cn=82201a5c4a694b7681f7bd5109328921-DiscoverySear","False","0",,"DiscoverySearchMailbox{D919BA05-46A6-415f-80AD-7E09334BB852}@powershell.lab","DiscoverySearchMailbox{D919BA05-46A6-415f-80AD-7E09334BB852}",,"False","Microsoft.ActiveDirectory.Management.ADPropertyValueCollection","False",,"23/02/2023 19:49:40","23/02/2023 19:49:40","8388608","104857600","94371840","6291456","31457280","20971520","134","/o=powershell/ou=Exchange Administrative Group (FYDIBOHF23SPDLT)/cn=Configuration/cn=Servers/cn=SERV-EXCHANGE","System.Byte[]","System.DirectoryServices.ActiveDirectorySecurity","Microsoft.ActiveDirectory.Management.ADPropertyValueCollection","CN=Default Role Assignment Policy,CN=Policies,CN=RBAC,CN=powershell,CN=Microsoft Exchange,CN=Services,CN=Configuration,DC=powershell,DC=lab",,"536870912","Microsoft.ActiveDirectory.Management.ADPropertyValueCollection","Microsoft.ActiveDirectory.Management.ADPropertyValueCollection","2",,"88218628259840","23/02/2023 19:47:42","DiscoverySearchMailbox {D919BA05-46A6-415f-80AD-7E09334BB852}","System.DirectoryServices.ActiveDirectorySecurity","CN=Person,CN=Schema,CN=Configuration,DC=powershell,DC=lab","user","57187f5b-dab7-4aa4-83a1-2e4fc1ba5c95","S-1-5-21-380670284-182084129-459501765-1140",,,,,"True",,"False","False",,,"CN=Utilisateurs du domaine,CN=Users,DC=powershell,DC=lab","513","Microsoft.ActiveDirectory.Management.ADPropertyValueCollection",,"False","Microsoft.ActiveDirectory.Management.ADPropertyValueCollection","Microsoft.ActiveDirectory.Management.ADPropertyValueCollection","0","SM_338fc5ddda5b489c8","805306368",,"15","Microsoft.ActiveDirectory.Management.ADPropertyValueCollection","Microsoft.ActiveDirectory.Management.ADPropertyValueCollection","S-1-5-21-380670284-182084129-459501765-1140","Microsoft.ActiveDirectory.Management.ADPropertyValueCollection","False",,,"MsExchDiscoveryMailbox D919BA05-46A6-415f-80AD-7E09334BB852",,"False","False","False","514","Microsoft.ActiveDirectory.Management.ADPropertyValueCollection","DiscoverySearchMailbox {D919BA05-46A6-415f-80AD-7E09334BB852}@powershell.lab","40637","39477","23/02/2023 19:49:40","23/02/2023 17:58:26"
,"9223372036854775807",,"False",,"False","Microsoft.ActiveDirectory.Management.ADPropertyValueCollection","Microsoft.ActiveDirectory.Management.ADPropertyValueCollection","0","0","0","False","powershell.lab/Users/Migration.8f3e7716-2011-43e4-96b1-aba62d229136","Microsoft.ActiveDirectory.Management.ADPropertyValueCollection",,"Migration.8f3e7716-2011-43e4-96b1-aba62d229136","0",,"Microsoft.ActiveDirectory.Management.ADPropertyValueCollection",,"0","23/02/2023 17:58:26","23/02/2023 17:58:26",,,,"Microsoft Exchange Migration","CN=Migration.8f3e7716-2011-43e4-96b1-aba62d229136,CN=Users,DC=powershell,DC=lab",,"False","Microsoft.ActiveDirectory.Management.ADPropertyValueCollection","Migration.8f3e7716-2011-43e4-96b1-aba62d229136@powershell.lab",,,"False",,,,"False",,"CN=Mailbox Database 1575952284,CN=Databases,CN=Exchange Administrative Group (FYDIBOHF23SPDLT),CN=Administrative Groups,CN=powershell,CN=Microsoft Exchange,CN=Services,CN=Configuration,DC=powershell,DC=lab",,,,"4",,,"Microsoft.ActiveDirectory.Management.ADPropertyValueCollection",,,"0","0",,,"/o=powershell/ou=Exchange Administrative Group (FYDIBOHF23SPDLT)/cn=Recipients/cn=5b6f27ff188c406e967d9971e4c0d131-Migration.8f3","False","0",,"Migration.8f3e7716-2011-43e4-96b1-aba62d229136@powershell.lab","Migration.8f3e7716-2011-43e4-96b1-aba62d229136",,"False","Microsoft.ActiveDirectory.Management.ADPropertyValueCollection","False",,"23/02/2023 20:21:57","23/02/2023 20:21:57","8388608","104857600","94371840","6291456","31457280","20971520","130","/o=powershell/ou=Exchange Administrative Group (FYDIBOHF23SPDLT)/cn=Configuration/cn=Servers/cn=SERV-EXCHANGE","System.Byte[]","System.DirectoryServices.ActiveDirectorySecurity","Microsoft.ActiveDirectory.Management.ADPropertyValueCollection",,"10","8388608","Microsoft.ActiveDirectory.Management.ADPropertyValueCollection","Microsoft.ActiveDirectory.Management.ADPropertyValueCollection","2",,"1126140425011200","23/02/2023 19:47:46","Migration.8f3e7716-2011-43e4-96b1-aba62d229136","System.DirectoryServices.ActiveDirectorySecurity","CN=Person,CN=Schema,CN=Configuration,DC=powershell,DC=lab","user","2ec93949-f834-44c5-a032-492373514f83","S-1-5-21-380670284-182084129-459501765-1141",,,,,"True",,"False","False",,,"CN=Utilisateurs du domaine,CN=Users,DC=powershell,DC=lab","513","Microsoft.ActiveDirectory.Management.ADPropertyValueCollection",,"False","Microsoft.ActiveDirectory.Management.ADPropertyValueCollection","Microsoft.ActiveDirectory.Management.ADPropertyValueCollection","0","SM_641554525c43412ea","805306368",,"15","Microsoft.ActiveDirectory.Management.ADPropertyValueCollection","Microsoft.ActiveDirectory.Management.ADPropertyValueCollection","S-1-5-21-380670284-182084129-459501765-1141","Microsoft.ActiveDirectory.Management.ADPropertyValueCollection","False",,,"Migration.8f3e7716-2011-43e4-96b1-aba62d229136",,"False","False","False","514","Microsoft.ActiveDirectory.Management.ADPropertyValueCollection","Migration.8f3e7716-2011-43e4-96b1-aba62d229136@powershell.lab","41084","39482","23/02/2023 20:21:57","23/02/2023 17:58:26"
,"9223372036854775807",,"False",,"False","Microsoft.ActiveDirectory.Management.ADPropertyValueCollection","Microsoft.ActiveDirectory.Management.ADPropertyValueCollection","0","0","0","False","powershell.lab/Users/FederatedEmail.4c1f4d8b-8179-4148-93bf-00a95fa1e042","Microsoft.ActiveDirectory.Management.ADPropertyValueCollection",,"FederatedEmail.4c1f4d8b-8179-4148-93bf-00a95fa1e042","0",,"Microsoft.ActiveDirectory.Management.ADPropertyValueCollection",,"0","23/02/2023 17:58:26","23/02/2023 17:58:26",,,,"Microsoft Exchange Federation Mailbox","CN=FederatedEmail.4c1f4d8b-8179-4148-93bf-00a95fa1e042,CN=Users,DC=powershell,DC=lab",,"False","Microsoft.ActiveDirectory.Management.ADPropertyValueCollection","FederatedEmail.4c1f4d8b-8179-4148-93bf-00a95fa1e042@powershell.lab",,,"False",,,,"False",,"CN=Mailbox Database 1575952284,CN=Databases,CN=Exchange Administrative Group (FYDIBOHF23SPDLT),CN=Administrative Groups,CN=powershell,CN=Microsoft Exchange,CN=Services,CN=Configuration,DC=powershell,DC=lab",,,,"4",,,"Microsoft.ActiveDirectory.Management.ADPropertyValueCollection",,,"0","0",,,"/o=powershell/ou=Exchange Administrative Group (FYDIBOHF23SPDLT)/cn=Recipients/cn=12a4c11da438467386db0a3e788e18a6-FederatedEmai","False","0",,"FederatedEmail.4c1f4d8b-8179-4148-93bf-00a95fa1e042@powershell.lab","FederatedEmail.4c1f4d8b-8179-4148-93bf-00a95fa1e042",,"False","Microsoft.ActiveDirectory.Management.ADPropertyValueCollection","False",,"23/02/2023 19:47:51","23/02/2023 19:47:51","8388608","104857600","94371840","6291456","31457280","20971520","130","/o=powershell/ou=Exchange Administrative Group (FYDIBOHF23SPDLT)/cn=Configuration/cn=Servers/cn=SERV-EXCHANGE","System.Byte[]","System.DirectoryServices.ActiveDirectorySecurity","Microsoft.ActiveDirectory.Management.ADPropertyValueCollection",,"10","8388608","Microsoft.ActiveDirectory.Management.ADPropertyValueCollection","Microsoft.ActiveDirectory.Management.ADPropertyValueCollection","2",,"1126140425011200","23/02/2023 19:47:51","FederatedEmail.4c1f4d8b-8179-4148-93bf-00a95fa1e042","System.DirectoryServices.ActiveDirectorySecurity","CN=Person,CN=Schema,CN=Configuration,DC=powershell,DC=lab","user","94d3bba2-356b-4d3e-a1e3-e3a02915d4d5","S-1-5-21-380670284-182084129-459501765-1142",,,,,"True",,"False","False",,,"CN=Utilisateurs du domaine,CN=Users,DC=powershell,DC=lab","513","Microsoft.ActiveDirectory.Management.ADPropertyValueCollection",,"False","Microsoft.ActiveDirectory.Management.ADPropertyValueCollection","Microsoft.ActiveDirectory.Management.ADPropertyValueCollection","0","SM_07436d0e91f44585a","805306368",,"15","Microsoft.ActiveDirectory.Management.ADPropertyValueCollection","Microsoft.ActiveDirectory.Management.ADPropertyValueCollection","S-1-5-21-380670284-182084129-459501765-1142","Microsoft.ActiveDirectory.Management.ADPropertyValueCollection","False",,,"FederatedEmail.4c1f4d8b-8179-4148-93bf-00a95fa1e042",,"False","False","False","514","Microsoft.ActiveDirectory.Management.ADPropertyValueCollection","FederatedEmail.4c1f4d8b-8179-4148-93bf-00a95fa1e042@powershell.lab","40614","39487","23/02/2023 19:47:51","23/02/2023 17:58:26"
,"9223372036854775807",,"False",,"False","Microsoft.ActiveDirectory.Management.ADPropertyValueCollection","Microsoft.ActiveDirectory.Management.ADPropertyValueCollection","0","0","0","False","powershell.lab/Users/SystemMailbox{D0E409A0-AF9B-4720-92FE-AAC869B0D201}","Microsoft.ActiveDirectory.Management.ADPropertyValueCollection",,"SystemMailbox{D0E409A0-AF9B-4720-92FE-AAC869B0D201}","0",,"Microsoft.ActiveDirectory.Management.ADPropertyValueCollection",,"0","23/02/2023 17:58:26","23/02/2023 17:58:26",,,,"E4E Encryption Store - Active","CN=SystemMailbox{D0E409A0-AF9B-4720-92FE-AAC869B0D201},CN=Users,DC=powershell,DC=lab",,"False","Microsoft.ActiveDirectory.Management.ADPropertyValueCollection","SystemMailbox{D0E409A0-AF9B-4720-92FE-AAC869B0D201}@powershell.lab",,,"False",,,,"False",,"CN=Mailbox Database 1575952284,CN=Databases,CN=Exchange Administrative Group (FYDIBOHF23SPDLT),CN=Administrative Groups,CN=powershell,CN=Microsoft Exchange,CN=Services,CN=Configuration,DC=powershell,DC=lab",,,,"4",,,"Microsoft.ActiveDirectory.Management.ADPropertyValueCollection",,,"0","0",,,"/o=powershell/ou=Exchange Administrative Group (FYDIBOHF23SPDLT)/cn=Recipients/cn=602dc87506e74fe5a1219023f87f8de7-SystemMailbox","False","0",,"SystemMailbox{D0E409A0-AF9B-4720-92FE-AAC869B0D201}@powershell.lab","SystemMailbox{D0E409A0-AF9B-4720-92FE-AAC869B0D201}",,"False","Microsoft.ActiveDirectory.Management.ADPropertyValueCollection","False",,"23/02/2023 19:47:56","23/02/2023 19:47:56","8388608","104857600","94371840","6291456","31457280","20971520","130","/o=powershell/ou=Exchange Administrative Group (FYDIBOHF23SPDLT)/cn=Configuration/cn=Servers/cn=SERV-EXCHANGE","System.Byte[]","System.DirectoryServices.ActiveDirectorySecurity","Microsoft.ActiveDirectory.Management.ADPropertyValueCollection",,"10","8388608","Microsoft.ActiveDirectory.Management.ADPropertyValueCollection","Microsoft.ActiveDirectory.Management.ADPropertyValueCollection","2",,"1126140425011200","23/02/2023 19:47:56","SystemMailbox{D0E409A0-AF9B-4720-92FE-AAC869B0D201}","System.DirectoryServices.ActiveDirectorySecurity","CN=Person,CN=Schema,CN=Configuration,DC=powershell,DC=lab","user","ff1debfa-5272-4773-930e-e869cba9aba6","S-1-5-21-380670284-182084129-459501765-1143",,,,,"True",,"False","False",,,"CN=Utilisateurs du domaine,CN=Users,DC=powershell,DC=lab","513","Microsoft.ActiveDirectory.Management.ADPropertyValueCollection",,"False","Microsoft.ActiveDirectory.Management.ADPropertyValueCollection","Microsoft.ActiveDirectory.Management.ADPropertyValueCollection","0","SM_6bed4f48e2134c4e9","805306368",,"15","Microsoft.ActiveDirectory.Management.ADPropertyValueCollection","Microsoft.ActiveDirectory.Management.ADPropertyValueCollection","S-1-5-21-380670284-182084129-459501765-1143","Microsoft.ActiveDirectory.Management.ADPropertyValueCollection","False",,,"SystemMailbox{D0E409A0-AF9B-4720-92FE-AAC869B0D201}",,"False","False","False","514","Microsoft.ActiveDirectory.Management.ADPropertyValueCollection","SystemMailbox{D0E409A0-AF9B-4720-92FE-AAC869B0D201}@powershell.lab","40623","39492","23/02/2023 19:47:56","23/02/2023 17:58:26"
,"9223372036854775807",,"False",,"False","Microsoft.ActiveDirectory.Management.ADPropertyValueCollection","Microsoft.ActiveDirectory.Management.ADPropertyValueCollection","0","0","0","False","powershell.lab/Users/SystemMailbox{2CE34405-31BE-455D-89D7-A7C7DA7A0DAA}","Microsoft.ActiveDirectory.Management.ADPropertyValueCollection",,"SystemMailbox{2CE34405-31BE-455D-89D7-A7C7DA7A0DAA}","0",,"Microsoft.ActiveDirectory.Management.ADPropertyValueCollection",,"0","23/02/2023 17:58:26","23/02/2023 17:58:26",,,,"Microsoft Exchange","CN=SystemMailbox{2CE34405-31BE-455D-89D7-A7C7DA7A0DAA},CN=Users,DC=powershell,DC=lab",,"False","Microsoft.ActiveDirectory.Management.ADPropertyValueCollection","SystemMailbox{2CE34405-31BE-455D-89D7-A7C7DA7A0DAA}@powershell.lab",,,"False",,,,"False",,"CN=Mailbox Database 1575952284,CN=Databases,CN=Exchange Administrative Group (FYDIBOHF23SPDLT),CN=Administrative Groups,CN=powershell,CN=Microsoft Exchange,CN=Services,CN=Configuration,DC=powershell,DC=lab",,,,"4",,,"Microsoft.ActiveDirectory.Management.ADPropertyValueCollection",,,"0","0",,,"/o=powershell/ou=Exchange Administrative Group (FYDIBOHF23SPDLT)/cn=Recipients/cn=d058c097f76d4a22a77849e9a8cb9556-SystemMailbox","False","0",,"SystemMailbox{2CE34405-31BE-455D-89D7-A7C7DA7A0DAA}@powershell.lab","SystemMailbox{2CE34405-31BE-455D-89D7-A7C7DA7A0DAA}",,"False","Microsoft.ActiveDirectory.Management.ADPropertyValueCollection","False",,"23/02/2023 19:48:01","23/02/2023 19:48:01","8388608","104857600","94371840","6291456","31457280","20971520","130","/o=powershell/ou=Exchange Administrative Group (FYDIBOHF23SPDLT)/cn=Configuration/cn=Servers/cn=SERV-EXCHANGE","System.Byte[]","System.DirectoryServices.ActiveDirectorySecurity","Microsoft.ActiveDirectory.Management.ADPropertyValueCollection",,"10","8388608","Microsoft.ActiveDirectory.Management.ADPropertyValueCollection","Microsoft.ActiveDirectory.Management.ADPropertyValueCollection","2",,"1126140425011200","23/02/2023 19:48:01","SystemMailbox{2CE34405-31BE-455D-89D7-A7C7DA7A0DAA}","System.DirectoryServices.ActiveDirectorySecurity","CN=Person,CN=Schema,CN=Configuration,DC=powershell,DC=lab","user","ecb46b3e-b3a2-440d-9e51-b43f0a4596db","S-1-5-21-380670284-182084129-459501765-1144",,,,,"True",,"False","False",,,"CN=Utilisateurs du domaine,CN=Users,DC=powershell,DC=lab","513","Microsoft.ActiveDirectory.Management.ADPropertyValueCollection",,"False","Microsoft.ActiveDirectory.Management.ADPropertyValueCollection","Microsoft.ActiveDirectory.Management.ADPropertyValueCollection","0","SM_b981670c49594c0c8","805306368",,"15","Microsoft.ActiveDirectory.Management.ADPropertyValueCollection","Microsoft.ActiveDirectory.Management.ADPropertyValueCollection","S-1-5-21-380670284-182084129-459501765-1144","Microsoft.ActiveDirectory.Management.ADPropertyValueCollection","False",,,"SystemMailbox{2CE34405-31BE-455D-89D7-A7C7DA7A0DAA}",,"False","False","False","514","Microsoft.ActiveDirectory.Management.ADPropertyValueCollection","SystemMailbox{2CE34405-31BE-455D-89D7-A7C7DA7A0DAA}@powershell.lab","40631","39497","23/02/2023 19:48:01","23/02/2023 17:58:26"
,"9223372036854775807",,"False",,"False","Microsoft.ActiveDirectory.Management.ADPropertyValueCollection","Microsoft.ActiveDirectory.Management.ADPropertyValueCollection","0","0","0","False","powershell.lab/Users/SystemMailbox{8cc370d3-822a-4ab8-a926-bb94bd0641a9}","Microsoft.ActiveDirectory.Management.ADPropertyValueCollection",,"SystemMailbox{8cc370d3-822a-4ab8-a926-bb94bd0641a9}","0",,"Microsoft.ActiveDirectory.Management.ADPropertyValueCollection",,"0","23/02/2023 17:58:27","23/02/2023 17:58:27",,,,"SystemMailbox{8cc370d3-822a-4ab8-a926-bb94bd0641a9}","CN=SystemMailbox{8cc370d3-822a-4ab8-a926-bb94bd0641a9},CN=Users,DC=powershell,DC=lab",,"False","Microsoft.ActiveDirectory.Management.ADPropertyValueCollection","SystemMailbox{8cc370d3-822a-4ab8-a926-bb94bd0641a9}@powershell.lab",,,"False",,,,"False",,"CN=Mailbox Database 1575952284,CN=Databases,CN=Exchange Administrative Group (FYDIBOHF23SPDLT),CN=Administrative Groups,CN=powershell,CN=Microsoft Exchange,CN=Services,CN=Configuration,DC=powershell,DC=lab",,,,"4",,,"Microsoft.ActiveDirectory.Management.ADPropertyValueCollection",,,"0","0",,,"/o=powershell/ou=Exchange Administrative Group (FYDIBOHF23SPDLT)/cn=Recipients/cn=533ae23bd6654bbcb04baf01f4b76d64-SystemMailbox","False","0",,"SystemMailbox{8cc370d3-822a-4ab8-a926-bb94bd0641a9}@powershell.lab","SystemMailbox{8cc370d3-822a-4ab8-a926-bb94bd0641a9}",,"False","Microsoft.ActiveDirectory.Management.ADPropertyValueCollection","False",,"23/02/2023 19:48:06","23/02/2023 19:48:06","8388608","104857600","94371840","6291456","52428800","20971520","134","/o=powershell/ou=Exchange Administrative Group (FYDIBOHF23SPDLT)/cn=Configuration/cn=Servers/cn=SERV-EXCHANGE","System.Byte[]","System.DirectoryServices.ActiveDirectorySecurity","Microsoft.ActiveDirectory.Management.ADPropertyValueCollection","CN=Default Role Assignment Policy,CN=Policies,CN=RBAC,CN=powershell,CN=Microsoft Exchange,CN=Services,CN=Configuration,DC=powershell,DC=lab",,"4398046511104","Microsoft.ActiveDirectory.Management.ADPropertyValueCollection","Microsoft.ActiveDirectory.Management.ADPropertyValueCollection","2",,"1126140425011200","23/02/2023 19:48:06","SystemMailbox{8cc370d3-822a-4ab8-a926-bb94bd0641a9}","System.DirectoryServices.ActiveDirectorySecurity","CN=Person,CN=Schema,CN=Configuration,DC=powershell,DC=lab","user","69af39f7-1719-4084-b290-b11a406afeaa","S-1-5-21-380670284-182084129-459501765-1145",,,,,"True",,"False","False",,,"CN=Utilisateurs du domaine,CN=Users,DC=powershell,DC=lab","513","Microsoft.ActiveDirectory.Management.ADPropertyValueCollection",,"False","Microsoft.ActiveDirectory.Management.ADPropertyValueCollection","Microsoft.ActiveDirectory.Management.ADPropertyValueCollection","0","SM_10f0d26796664e7b8","805306368",,"15","Microsoft.ActiveDirectory.Management.ADPropertyValueCollection","Microsoft.ActiveDirectory.Management.ADPropertyValueCollection","S-1-5-21-380670284-182084129-459501765-1145","Microsoft.ActiveDirectory.Management.ADPropertyValueCollection","False",,,"SystemMailbox 8cc370d3-822a-4ab8-a926-bb94bd0641a9",,"False","False","False","514","Microsoft.ActiveDirectory.Management.ADPropertyValueCollection","SystemMailbox{8cc370d3-822a-4ab8-a926-bb94bd0641a9}@powershell.lab","40635","39505","23/02/2023 19:48:06","23/02/2023 17:58:27"
,"9223372036854775807",,"False",,"False","Microsoft.ActiveDirectory.Management.ADPropertyValueCollection","Microsoft.ActiveDirectory.Management.ADPropertyValueCollection","0","0","0","False","powershell.lab/Microsoft Exchange System Objects/Monitoring Mailboxes/HealthMailboxf9e659a2bc5e4290936ceb9f2e3ef116","Microsoft.ActiveDirectory.Management.ADPropertyValueCollection",,"HealthMailboxf9e659a2bc5e4290936ceb9f2e3ef116","0",,"Microsoft.ActiveDirectory.Management.ADPropertyValueCollection",,"0","23/02/2023 20:08:39","23/02/2023 20:08:39",,,,"HealthMailbox-serv-exchange-Mailbox-Database-1575952284","CN=HealthMailboxf9e659a2bc5e4290936ceb9f2e3ef116,CN=Monitoring Mailboxes,CN=Microsoft Exchange System Objects,DC=powershell,DC=lab",,"False","Microsoft.ActiveDirectory.Management.ADPropertyValueCollection","HealthMailboxf9e659a2bc5e4290936ceb9f2e3ef116@powershell.lab",,,"True",,,,"False",,"CN=Mailbox Database 1575952284,CN=Databases,CN=Exchange Administrative Group (FYDIBOHF23SPDLT),CN=Administrative Groups,CN=powershell,CN=Microsoft Exchange,CN=Services,CN=Configuration,DC=powershell,DC=lab",,,,"4",,,"Microsoft.ActiveDirectory.Management.ADPropertyValueCollection",,,"0","133221327181511316","23/02/2023 20:49:10","133216553509330208","/o=powershell/ou=Exchange Administrative Group (FYDIBOHF23SPDLT)/cn=Recipients/cn=5efb28cc68b545ec8aefe892d44ce065-HealthMailbox","False","5170",,"HealthMailboxf9e659a2bc5e4290936ceb9f2e3ef116@powershell.lab","HealthMailboxf9e659a2bc5e4290936ceb9f2e3ef116",,"True","Microsoft.ActiveDirectory.Management.ADPropertyValueCollection","False",,"23/02/2023 20:50:53","23/02/2023 20:50:53","0","104857600","94371840","6291456","31457280","20971520","2","/o=powershell/ou=Exchange Administrative Group (FYDIBOHF23SPDLT)/cn=Configuration/cn=Servers/cn=SERV-EXCHANGE","System.Byte[]","System.DirectoryServices.ActiveDirectorySecurity","Microsoft.ActiveDirectory.Management.ADPropertyValueCollection","CN=Default Role Assignment Policy,CN=Policies,CN=RBAC,CN=powershell,CN=Microsoft Exchange,CN=Services,CN=Configuration,DC=powershell,DC=lab",,"549755813888","Microsoft.ActiveDirectory.Management.ADPropertyValueCollection","Microsoft.ActiveDirectory.Management.ADPropertyValueCollection","0","en-US","88218628259840","23/02/2023 20:08:38","HealthMailboxf9e659a2bc5e4290936ceb9f2e3ef116","System.DirectoryServices.ActiveDirectorySecurity","CN=Person,CN=Schema,CN=Configuration,DC=powershell,DC=lab","user","9cd93c94-5dde-4b33-b4ea-797b2a15863f","S-1-5-21-380670284-182084129-459501765-1147",,,,,"False","23/02/2023 20:49:05","True","False",,,"CN=Utilisateurs du domaine,CN=Users,DC=powershell,DC=lab","513","Microsoft.ActiveDirectory.Management.ADPropertyValueCollection",,"False","Microsoft.ActiveDirectory.Management.ADPropertyValueCollection","Microsoft.ActiveDirectory.Management.ADPropertyValueCollection","133216553454939734","HealthMailboxf9e659a","805306368",,"15","Microsoft.ActiveDirectory.Management.ADPropertyValueCollection","Microsoft.ActiveDirectory.Management.ADPropertyValueCollection","S-1-5-21-380670284-182084129-459501765-1147","Microsoft.ActiveDirectory.Management.ADPropertyValueCollection","False",,,,,"False","False","False","66048","Microsoft.ActiveDirectory.Management.ADPropertyValueCollection","HealthMailboxf9e659a2bc5e4290936ceb9f2e3ef116@powershell.lab","41104","40932","23/02/2023 20:50:53","23/02/2023 20:08:39"
,"9223372036854775807",,"False",,"False","Microsoft.ActiveDirectory.Management.ADPropertyValueCollection","Microsoft.ActiveDirectory.Management.ADPropertyValueCollection","0","0","0","False","powershell.lab/Microsoft Exchange System Objects/Monitoring Mailboxes/HealthMailboxcfb4175f993340c98b66e0752c701a59","Microsoft.ActiveDirectory.Management.ADPropertyValueCollection",,"HealthMailboxcfb4175f993340c98b66e0752c701a59","0",,"Microsoft.ActiveDirectory.Management.ADPropertyValueCollection",,"0","23/02/2023 20:09:22","23/02/2023 20:09:22",,,,"HealthMailbox-serv-exchange-001","CN=HealthMailboxcfb4175f993340c98b66e0752c701a59,CN=Monitoring Mailboxes,CN=Microsoft Exchange System Objects,DC=powershell,DC=lab",,"False","Microsoft.ActiveDirectory.Management.ADPropertyValueCollection","HealthMailboxcfb4175f993340c98b66e0752c701a59@powershell.lab",,,"True",,,,"False",,"CN=Mailbox Database 1575952284,CN=Databases,CN=Exchange Administrative Group (FYDIBOHF23SPDLT),CN=Administrative Groups,CN=powershell,CN=Microsoft Exchange,CN=Services,CN=Configuration,DC=powershell,DC=lab",,,,"4",,,"Microsoft.ActiveDirectory.Management.ADPropertyValueCollection",,,"0","133216554042621919","23/02/2023 20:13:01","133216531819621035","/o=powershell/ou=Exchange Administrative Group (FYDIBOHF23SPDLT)/cn=Recipients/cn=bfcaf3963de84c6794368563a3d6cf1f-HealthMailbox","False","7",,"HealthMailboxcfb4175f993340c98b66e0752c701a59@powershell.lab","HealthMailboxcfb4175f993340c98b66e0752c701a59",,"True","Microsoft.ActiveDirectory.Management.ADPropertyValueCollection","False",,"23/02/2023 20:49:06","23/02/2023 20:49:06","0","104857600","94371840","6291456","31457280","20971520","2","/o=powershell/ou=Exchange Administrative Group (FYDIBOHF23SPDLT)/cn=Configuration/cn=Servers/cn=SERV-EXCHANGE","System.Byte[]","System.DirectoryServices.ActiveDirectorySecurity","Microsoft.ActiveDirectory.Management.ADPropertyValueCollection","CN=Default Role Assignment Policy,CN=Policies,CN=RBAC,CN=powershell,CN=Microsoft Exchange,CN=Services,CN=Configuration,DC=powershell,DC=lab",,"549755813888","Microsoft.ActiveDirectory.Management.ADPropertyValueCollection","Microsoft.ActiveDirectory.Management.ADPropertyValueCollection","0",,"88218628259840","23/02/2023 20:09:21","HealthMailboxcfb4175f993340c98b66e0752c701a59","System.DirectoryServices.ActiveDirectorySecurity","CN=Person,CN=Schema,CN=Configuration,DC=powershell,DC=lab","user","ae5f05f7-fb44-4ab6-a67c-7620412c50c2","S-1-5-21-380670284-182084129-459501765-1148",,,,,"False","23/02/2023 20:49:06","True","False",,,"CN=Utilisateurs du domaine,CN=Users,DC=powershell,DC=lab","513","Microsoft.ActiveDirectory.Management.ADPropertyValueCollection",,"False","Microsoft.ActiveDirectory.Management.ADPropertyValueCollection","Microsoft.ActiveDirectory.Management.ADPropertyValueCollection","133216553464645270","HealthMailboxcfb4175","805306368",,"15","Microsoft.ActiveDirectory.Management.ADPropertyValueCollection","Microsoft.ActiveDirectory.Management.ADPropertyValueCollection","S-1-5-21-380670284-182084129-459501765-1148","Microsoft.ActiveDirectory.Management.ADPropertyValueCollection","False",,,,,"False","False","False","66048","Microsoft.ActiveDirectory.Management.ADPropertyValueCollection","HealthMailboxcfb4175f993340c98b66e0752c701a59@powershell.lab","41094","40950","23/02/2023 20:49:06","23/02/2023 20:09:22"
,"9223372036854775807",,"False",,"False","Microsoft.ActiveDirectory.Management.ADPropertyValueCollection","Microsoft.ActiveDirectory.Management.ADPropertyValueCollection","0","0","0","False","powershell.lab/Microsoft Exchange System Objects/Monitoring Mailboxes/HealthMailbox4ee022af005f454b82e3ae370cd1ad16","Microsoft.ActiveDirectory.Management.ADPropertyValueCollection",,"HealthMailbox4ee022af005f454b82e3ae370cd1ad16","0",,"Microsoft.ActiveDirectory.Management.ADPropertyValueCollection",,"0","23/02/2023 20:09:47","23/02/2023 20:09:47",,,,"HealthMailbox-serv-exchange-002","CN=HealthMailbox4ee022af005f454b82e3ae370cd1ad16,CN=Monitoring Mailboxes,CN=Microsoft Exchange System Objects,DC=powershell,DC=lab",,"False","Microsoft.ActiveDirectory.Management.ADPropertyValueCollection","HealthMailbox4ee022af005f454b82e3ae370cd1ad16@powershell.lab",,,"True",,,,"False",,"CN=Mailbox Database 1575952284,CN=Databases,CN=Exchange Administrative Group (FYDIBOHF23SPDLT),CN=Administrative Groups,CN=powershell,CN=Microsoft Exchange,CN=Services,CN=Configuration,DC=powershell,DC=lab",,,,"4",,,"Microsoft.ActiveDirectory.Management.ADPropertyValueCollection",,,"0","0",,,"/o=powershell/ou=Exchange Administrative Group (FYDIBOHF23SPDLT)/cn=Recipients/cn=7e4a2355ba0d487fa69607b4b97b3f9b-HealthMailbox","False","0",,"HealthMailbox4ee022af005f454b82e3ae370cd1ad16@powershell.lab","HealthMailbox4ee022af005f454b82e3ae370cd1ad16",,"True","Microsoft.ActiveDirectory.Management.ADPropertyValueCollection","False",,"23/02/2023 20:10:12","23/02/2023 20:10:12","0","104857600","94371840","6291456","31457280","20971520","2","/o=powershell/ou=Exchange Administrative Group (FYDIBOHF23SPDLT)/cn=Configuration/cn=Servers/cn=SERV-EXCHANGE","System.Byte[]","System.DirectoryServices.ActiveDirectorySecurity","Microsoft.ActiveDirectory.Management.ADPropertyValueCollection","CN=Default Role Assignment Policy,CN=Policies,CN=RBAC,CN=powershell,CN=Microsoft Exchange,CN=Services,CN=Configuration,DC=powershell,DC=lab",,"549755813888","Microsoft.ActiveDirectory.Management.ADPropertyValueCollection","Microsoft.ActiveDirectory.Management.ADPropertyValueCollection","0",,"88218628259840","23/02/2023 20:09:47","HealthMailbox4ee022af005f454b82e3ae370cd1ad16","System.DirectoryServices.ActiveDirectorySecurity","CN=Person,CN=Schema,CN=Configuration,DC=powershell,DC=lab","user","a90b79d4-f0cc-4b2f-8f64-b647d0bc37f6","S-1-5-21-380670284-182084129-459501765-1149",,,,,"False","23/02/2023 20:09:47","True","False",,,"CN=Utilisateurs du domaine,CN=Users,DC=powershell,DC=lab","513","Microsoft.ActiveDirectory.Management.ADPropertyValueCollection",,"False","Microsoft.ActiveDirectory.Management.ADPropertyValueCollection","Microsoft.ActiveDirectory.Management.ADPropertyValueCollection","133216529875486469","HealthMailbox4ee022a","805306368",,"15","Microsoft.ActiveDirectory.Management.ADPropertyValueCollection","Microsoft.ActiveDirectory.Management.ADPropertyValueCollection","S-1-5-21-380670284-182084129-459501765-1149","Microsoft.ActiveDirectory.Management.ADPropertyValueCollection","False",,,,,"False","False","False","66048","Microsoft.ActiveDirectory.Management.ADPropertyValueCollection","HealthMailbox4ee022af005f454b82e3ae370cd1ad16@powershell.lab","40971","40965","23/02/2023 20:10:12","23/02/2023 20:09:47"
,"9223372036854775807",,"False",,"False","Microsoft.ActiveDirectory.Management.ADPropertyValueCollection","Microsoft.ActiveDirectory.Management.ADPropertyValueCollection","0","0","0","False","powershell.lab/Microsoft Exchange System Objects/Monitoring Mailboxes/HealthMailbox44d254ea30cb4de8bb579aaa34587914","Microsoft.ActiveDirectory.Management.ADPropertyValueCollection",,"HealthMailbox44d254ea30cb4de8bb579aaa34587914","0",,"Microsoft.ActiveDirectory.Management.ADPropertyValueCollection",,"0","23/02/2023 20:10:12","23/02/2023 20:10:12",,,,"HealthMailbox-serv-exchange-003","CN=HealthMailbox44d254ea30cb4de8bb579aaa34587914,CN=Monitoring Mailboxes,CN=Microsoft Exchange System Objects,DC=powershell,DC=lab",,"False","Microsoft.ActiveDirectory.Management.ADPropertyValueCollection","HealthMailbox44d254ea30cb4de8bb579aaa34587914@powershell.lab",,,"True",,,,"False",,"CN=Mailbox Database 1575952284,CN=Databases,CN=Exchange Administrative Group (FYDIBOHF23SPDLT),CN=Administrative Groups,CN=powershell,CN=Microsoft Exchange,CN=Services,CN=Configuration,DC=powershell,DC=lab",,,,"4",,,"Microsoft.ActiveDirectory.Management.ADPropertyValueCollection",,,"0","0",,,"/o=powershell/ou=Exchange Administrative Group (FYDIBOHF23SPDLT)/cn=Recipients/cn=de9f691cabc241d3a803fafb2b4d271a-HealthMailbox","False","0",,"HealthMailbox44d254ea30cb4de8bb579aaa34587914@powershell.lab","HealthMailbox44d254ea30cb4de8bb579aaa34587914",,"True","Microsoft.ActiveDirectory.Management.ADPropertyValueCollection","False",,"23/02/2023 20:10:33","23/02/2023 20:10:33","0","104857600","94371840","6291456","31457280","20971520","2","/o=powershell/ou=Exchange Administrative Group (FYDIBOHF23SPDLT)/cn=Configuration/cn=Servers/cn=SERV-EXCHANGE","System.Byte[]","System.DirectoryServices.ActiveDirectorySecurity","Microsoft.ActiveDirectory.Management.ADPropertyValueCollection","CN=Default Role Assignment Policy,CN=Policies,CN=RBAC,CN=powershell,CN=Microsoft Exchange,CN=Services,CN=Configuration,DC=powershell,DC=lab",,"549755813888","Microsoft.ActiveDirectory.Management.ADPropertyValueCollection","Microsoft.ActiveDirectory.Management.ADPropertyValueCollection","0",,"88218628259840","23/02/2023 20:10:12","HealthMailbox44d254ea30cb4de8bb579aaa34587914","System.DirectoryServices.ActiveDirectorySecurity","CN=Person,CN=Schema,CN=Configuration,DC=powershell,DC=lab","user","a8ba1ab5-57f1-4a0e-9ccc-d5339eaf3cc3","S-1-5-21-380670284-182084129-459501765-1150",,,,,"False","23/02/2023 20:10:12","True","False",,,"CN=Utilisateurs du domaine,CN=Users,DC=powershell,DC=lab","513","Microsoft.ActiveDirectory.Management.ADPropertyValueCollection",,"False","Microsoft.ActiveDirectory.Management.ADPropertyValueCollection","Microsoft.ActiveDirectory.Management.ADPropertyValueCollection","133216530125363598","HealthMailbox44d254e","805306368",,"15","Microsoft.ActiveDirectory.Management.ADPropertyValueCollection","Microsoft.ActiveDirectory.Management.ADPropertyValueCollection","S-1-5-21-380670284-182084129-459501765-1150","Microsoft.ActiveDirectory.Management.ADPropertyValueCollection","False",,,,,"False","False","False","66048","Microsoft.ActiveDirectory.Management.ADPropertyValueCollection","HealthMailbox44d254ea30cb4de8bb579aaa34587914@powershell.lab","40983","40977","23/02/2023 20:10:33","23/02/2023 20:10:12"
,"9223372036854775807",,"False",,"False","Microsoft.ActiveDirectory.Management.ADPropertyValueCollection","Microsoft.ActiveDirectory.Management.ADPropertyValueCollection","0","0","0","False","powershell.lab/Microsoft Exchange System Objects/Monitoring Mailboxes/HealthMailbox2cae6504eb9642e7a80a2f9501e11b41","Microsoft.ActiveDirectory.Management.ADPropertyValueCollection",,"HealthMailbox2cae6504eb9642e7a80a2f9501e11b41","0",,"Microsoft.ActiveDirectory.Management.ADPropertyValueCollection",,"0","23/02/2023 20:10:33","23/02/2023 20:10:33",,,,"HealthMailbox-serv-exchange-004","CN=HealthMailbox2cae6504eb9642e7a80a2f9501e11b41,CN=Monitoring Mailboxes,CN=Microsoft Exchange System Objects,DC=powershell,DC=lab",,"False","Microsoft.ActiveDirectory.Management.ADPropertyValueCollection","HealthMailbox2cae6504eb9642e7a80a2f9501e11b41@powershell.lab",,,"True",,,,"False",,"CN=Mailbox Database 1575952284,CN=Databases,CN=Exchange Administrative Group (FYDIBOHF23SPDLT),CN=Administrative Groups,CN=powershell,CN=Microsoft Exchange,CN=Services,CN=Configuration,DC=powershell,DC=lab",,,,"4",,,"Microsoft.ActiveDirectory.Management.ADPropertyValueCollection",,,"0","0",,,"/o=powershell/ou=Exchange Administrative Group (FYDIBOHF23SPDLT)/cn=Recipients/cn=97877c9d82de46daadaab18350ca64c6-HealthMailbox","False","0",,"HealthMailbox2cae6504eb9642e7a80a2f9501e11b41@powershell.lab","HealthMailbox2cae6504eb9642e7a80a2f9501e11b41",,"True","Microsoft.ActiveDirectory.Management.ADPropertyValueCollection","False",,"23/02/2023 20:11:01","23/02/2023 20:11:01","0","104857600","94371840","6291456","31457280","20971520","2","/o=powershell/ou=Exchange Administrative Group (FYDIBOHF23SPDLT)/cn=Configuration/cn=Servers/cn=SERV-EXCHANGE","System.Byte[]","System.DirectoryServices.ActiveDirectorySecurity","Microsoft.ActiveDirectory.Management.ADPropertyValueCollection","CN=Default Role Assignment Policy,CN=Policies,CN=RBAC,CN=powershell,CN=Microsoft Exchange,CN=Services,CN=Configuration,DC=powershell,DC=lab",,"549755813888","Microsoft.ActiveDirectory.Management.ADPropertyValueCollection","Microsoft.ActiveDirectory.Management.ADPropertyValueCollection","0",,"88218628259840","23/02/2023 20:10:33","HealthMailbox2cae6504eb9642e7a80a2f9501e11b41","System.DirectoryServices.ActiveDirectorySecurity","CN=Person,CN=Schema,CN=Configuration,DC=powershell,DC=lab","user","445b87a8-4a0b-4f66-9de1-a4196dd30a3f","S-1-5-21-380670284-182084129-459501765-1151",,,,,"False","23/02/2023 20:10:33","True","False",,,"CN=Utilisateurs du domaine,CN=Users,DC=powershell,DC=lab","513","Microsoft.ActiveDirectory.Management.ADPropertyValueCollection",,"False","Microsoft.ActiveDirectory.Management.ADPropertyValueCollection","Microsoft.ActiveDirectory.Management.ADPropertyValueCollection","133216530336071967","HealthMailbox2cae650","805306368",,"15","Microsoft.ActiveDirectory.Management.ADPropertyValueCollection","Microsoft.ActiveDirectory.Management.ADPropertyValueCollection","S-1-5-21-380670284-182084129-459501765-1151","Microsoft.ActiveDirectory.Management.ADPropertyValueCollection","False",,,,,"False","False","False","66048","Microsoft.ActiveDirectory.Management.ADPropertyValueCollection","HealthMailbox2cae6504eb9642e7a80a2f9501e11b41@powershell.lab","40995","40989","23/02/2023 20:11:01","23/02/2023 20:10:33"
,"9223372036854775807",,"False",,"False","Microsoft.ActiveDirectory.Management.ADPropertyValueCollection","Microsoft.ActiveDirectory.Management.ADPropertyValueCollection","0","0","0","False","powershell.lab/Microsoft Exchange System Objects/Monitoring Mailboxes/HealthMailboxbca98c6b1c8144a3885d80e1791a2c96","Microsoft.ActiveDirectory.Management.ADPropertyValueCollection",,"HealthMailboxbca98c6b1c8144a3885d80e1791a2c96","0",,"Microsoft.ActiveDirectory.Management.ADPropertyValueCollection",,"0","23/02/2023 20:11:01","23/02/2023 20:11:01",,,,"HealthMailbox-serv-exchange-005","CN=HealthMailboxbca98c6b1c8144a3885d80e1791a2c96,CN=Monitoring Mailboxes,CN=Microsoft Exchange System Objects,DC=powershell,DC=lab",,"False","Microsoft.ActiveDirectory.Management.ADPropertyValueCollection","HealthMailboxbca98c6b1c8144a3885d80e1791a2c96@powershell.lab",,,"True",,,,"False",,"CN=Mailbox Database 1575952284,CN=Databases,CN=Exchange Administrative Group (FYDIBOHF23SPDLT),CN=Administrative Groups,CN=powershell,CN=Microsoft Exchange,CN=Services,CN=Configuration,DC=powershell,DC=lab",,,,"4",,,"Microsoft.ActiveDirectory.Management.ADPropertyValueCollection",,,"0","0",,,"/o=powershell/ou=Exchange Administrative Group (FYDIBOHF23SPDLT)/cn=Recipients/cn=5b3ecc5226a34f4986996241fbfa7a8c-HealthMailbox","False","0",,"HealthMailboxbca98c6b1c8144a3885d80e1791a2c96@powershell.lab","HealthMailboxbca98c6b1c8144a3885d80e1791a2c96",,"True","Microsoft.ActiveDirectory.Management.ADPropertyValueCollection","False",,"23/02/2023 20:11:18","23/02/2023 20:11:18","0","104857600","94371840","6291456","31457280","20971520","2","/o=powershell/ou=Exchange Administrative Group (FYDIBOHF23SPDLT)/cn=Configuration/cn=Servers/cn=SERV-EXCHANGE","System.Byte[]","System.DirectoryServices.ActiveDirectorySecurity","Microsoft.ActiveDirectory.Management.ADPropertyValueCollection","CN=Default Role Assignment Policy,CN=Policies,CN=RBAC,CN=powershell,CN=Microsoft Exchange,CN=Services,CN=Configuration,DC=powershell,DC=lab",,"549755813888","Microsoft.ActiveDirectory.Management.ADPropertyValueCollection","Microsoft.ActiveDirectory.Management.ADPropertyValueCollection","0",,"88218628259840","23/02/2023 20:11:01","HealthMailboxbca98c6b1c8144a3885d80e1791a2c96","System.DirectoryServices.ActiveDirectorySecurity","CN=Person,CN=Schema,CN=Configuration,DC=powershell,DC=lab","user","5f6fcdf3-9daa-490c-9740-e7eaa29a1180","S-1-5-21-380670284-182084129-459501765-1152",,,,,"False","23/02/2023 20:11:01","True","False",,,"CN=Utilisateurs du domaine,CN=Users,DC=powershell,DC=lab","513","Microsoft.ActiveDirectory.Management.ADPropertyValueCollection",,"False","Microsoft.ActiveDirectory.Management.ADPropertyValueCollection","Microsoft.ActiveDirectory.Management.ADPropertyValueCollection","133216530619107415","HealthMailboxbca98c6","805306368",,"15","Microsoft.ActiveDirectory.Management.ADPropertyValueCollection","Microsoft.ActiveDirectory.Management.ADPropertyValueCollection","S-1-5-21-380670284-182084129-459501765-1152","Microsoft.ActiveDirectory.Management.ADPropertyValueCollection","False",,,,,"False","False","False","66048","Microsoft.ActiveDirectory.Management.ADPropertyValueCollection","HealthMailboxbca98c6b1c8144a3885d80e1791a2c96@powershell.lab","41007","41001","23/02/2023 20:11:18","23/02/2023 20:11:01"
,"9223372036854775807",,"False",,"False","Microsoft.ActiveDirectory.Management.ADPropertyValueCollection","Microsoft.ActiveDirectory.Management.ADPropertyValueCollection","0","0","0","False","powershell.lab/Microsoft Exchange System Objects/Monitoring Mailboxes/HealthMailbox63b51850c12a44099a4f19629bf91b73","Microsoft.ActiveDirectory.Management.ADPropertyValueCollection",,"HealthMailbox63b51850c12a44099a4f19629bf91b73","0",,"Microsoft.ActiveDirectory.Management.ADPropertyValueCollection",,"0","23/02/2023 20:11:18","23/02/2023 20:11:18",,,,"HealthMailbox-serv-exchange-006","CN=HealthMailbox63b51850c12a44099a4f19629bf91b73,CN=Monitoring Mailboxes,CN=Microsoft Exchange System Objects,DC=powershell,DC=lab",,"False","Microsoft.ActiveDirectory.Management.ADPropertyValueCollection","HealthMailbox63b51850c12a44099a4f19629bf91b73@powershell.lab",,,"True",,,,"False",,"CN=Mailbox Database 1575952284,CN=Databases,CN=Exchange Administrative Group (FYDIBOHF23SPDLT),CN=Administrative Groups,CN=powershell,CN=Microsoft Exchange,CN=Services,CN=Configuration,DC=powershell,DC=lab",,,,"4",,,"Microsoft.ActiveDirectory.Management.ADPropertyValueCollection",,,"0","0",,,"/o=powershell/ou=Exchange Administrative Group (FYDIBOHF23SPDLT)/cn=Recipients/cn=69f4ba8fc5d34f509b15519a00cd7274-HealthMailbox","False","0",,"HealthMailbox63b51850c12a44099a4f19629bf91b73@powershell.lab","HealthMailbox63b51850c12a44099a4f19629bf91b73",,"True","Microsoft.ActiveDirectory.Management.ADPropertyValueCollection","False",,"23/02/2023 20:11:35","23/02/2023 20:11:35","0","104857600","94371840","6291456","31457280","20971520","2","/o=powershell/ou=Exchange Administrative Group (FYDIBOHF23SPDLT)/cn=Configuration/cn=Servers/cn=SERV-EXCHANGE","System.Byte[]","System.DirectoryServices.ActiveDirectorySecurity","Microsoft.ActiveDirectory.Management.ADPropertyValueCollection","CN=Default Role Assignment Policy,CN=Policies,CN=RBAC,CN=powershell,CN=Microsoft Exchange,CN=Services,CN=Configuration,DC=powershell,DC=lab",,"549755813888","Microsoft.ActiveDirectory.Management.ADPropertyValueCollection","Microsoft.ActiveDirectory.Management.ADPropertyValueCollection","0",,"88218628259840","23/02/2023 20:11:18","HealthMailbox63b51850c12a44099a4f19629bf91b73","System.DirectoryServices.ActiveDirectorySecurity","CN=Person,CN=Schema,CN=Configuration,DC=powershell,DC=lab","user","01ea4205-efde-403c-9f25-c0c49182f8c7","S-1-5-21-380670284-182084129-459501765-1153",,,,,"False","23/02/2023 20:11:18","True","False",,,"CN=Utilisateurs du domaine,CN=Users,DC=powershell,DC=lab","513","Microsoft.ActiveDirectory.Management.ADPropertyValueCollection",,"False","Microsoft.ActiveDirectory.Management.ADPropertyValueCollection","Microsoft.ActiveDirectory.Management.ADPropertyValueCollection","133216530787527371","HealthMailbox63b5185","805306368",,"15","Microsoft.ActiveDirectory.Management.ADPropertyValueCollection","Microsoft.ActiveDirectory.Management.ADPropertyValueCollection","S-1-5-21-380670284-182084129-459501765-1153","Microsoft.ActiveDirectory.Management.ADPropertyValueCollection","False",,,,,"False","False","False","66048","Microsoft.ActiveDirectory.Management.ADPropertyValueCollection","HealthMailbox63b51850c12a44099a4f19629bf91b73@powershell.lab","41019","41013","23/02/2023 20:11:35","23/02/2023 20:11:18"
,"9223372036854775807",,"False",,"False","Microsoft.ActiveDirectory.Management.ADPropertyValueCollection","Microsoft.ActiveDirectory.Management.ADPropertyValueCollection","0","0","0","False","powershell.lab/Microsoft Exchange System Objects/Monitoring Mailboxes/HealthMailboxfddd58a796f84bbeaed59271686bad88","Microsoft.ActiveDirectory.Management.ADPropertyValueCollection",,"HealthMailboxfddd58a796f84bbeaed59271686bad88","0",,"Microsoft.ActiveDirectory.Management.ADPropertyValueCollection",,"0","23/02/2023 20:11:36","23/02/2023 20:11:36",,,,"HealthMailbox-serv-exchange-007","CN=HealthMailboxfddd58a796f84bbeaed59271686bad88,CN=Monitoring Mailboxes,CN=Microsoft Exchange System Objects,DC=powershell,DC=lab",,"False","Microsoft.ActiveDirectory.Management.ADPropertyValueCollection","HealthMailboxfddd58a796f84bbeaed59271686bad88@powershell.lab",,,"True",,,,"False",,"CN=Mailbox Database 1575952284,CN=Databases,CN=Exchange Administrative Group (FYDIBOHF23SPDLT),CN=Administrative Groups,CN=powershell,CN=Microsoft Exchange,CN=Services,CN=Configuration,DC=powershell,DC=lab",,,,"4",,,"Microsoft.ActiveDirectory.Management.ADPropertyValueCollection",,,"0","0",,,"/o=powershell/ou=Exchange Administrative Group (FYDIBOHF23SPDLT)/cn=Recipients/cn=8c15fcc7023b42438781cf32f01e933a-HealthMailbox","False","0",,"HealthMailboxfddd58a796f84bbeaed59271686bad88@powershell.lab","HealthMailboxfddd58a796f84bbeaed59271686bad88",,"True","Microsoft.ActiveDirectory.Management.ADPropertyValueCollection","False",,"23/02/2023 20:11:53","23/02/2023 20:11:53","0","104857600","94371840","6291456","31457280","20971520","2","/o=powershell/ou=Exchange Administrative Group (FYDIBOHF23SPDLT)/cn=Configuration/cn=Servers/cn=SERV-EXCHANGE","System.Byte[]","System.DirectoryServices.ActiveDirectorySecurity","Microsoft.ActiveDirectory.Management.ADPropertyValueCollection","CN=Default Role Assignment Policy,CN=Policies,CN=RBAC,CN=powershell,CN=Microsoft Exchange,CN=Services,CN=Configuration,DC=powershell,DC=lab",,"549755813888","Microsoft.ActiveDirectory.Management.ADPropertyValueCollection","Microsoft.ActiveDirectory.Management.ADPropertyValueCollection","0",,"88218628259840","23/02/2023 20:11:36","HealthMailboxfddd58a796f84bbeaed59271686bad88","System.DirectoryServices.ActiveDirectorySecurity","CN=Person,CN=Schema,CN=Configuration,DC=powershell,DC=lab","user","690224ea-fc3f-4573-a705-50a2ac536779","S-1-5-21-380670284-182084129-459501765-1154",,,,,"False","23/02/2023 20:11:36","True","False",,,"CN=Utilisateurs du domaine,CN=Users,DC=powershell,DC=lab","513","Microsoft.ActiveDirectory.Management.ADPropertyValueCollection",,"False","Microsoft.ActiveDirectory.Management.ADPropertyValueCollection","Microsoft.ActiveDirectory.Management.ADPropertyValueCollection","133216530961667495","HealthMailboxfddd58a","805306368",,"15","Microsoft.ActiveDirectory.Management.ADPropertyValueCollection","Microsoft.ActiveDirectory.Management.ADPropertyValueCollection","S-1-5-21-380670284-182084129-459501765-1154","Microsoft.ActiveDirectory.Management.ADPropertyValueCollection","False",,,,,"False","False","False","66048","Microsoft.ActiveDirectory.Management.ADPropertyValueCollection","HealthMailboxfddd58a796f84bbeaed59271686bad88@powershell.lab","41031","41025","23/02/2023 20:11:53","23/02/2023 20:11:36"
,"9223372036854775807",,"False",,"False","Microsoft.ActiveDirectory.Management.ADPropertyValueCollection","Microsoft.ActiveDirectory.Management.ADPropertyValueCollection","0","0","0","False","powershell.lab/Microsoft Exchange System Objects/Monitoring Mailboxes/HealthMailbox502d383a8fb440c99e8d5751d5af2063","Microsoft.ActiveDirectory.Management.ADPropertyValueCollection",,"HealthMailbox502d383a8fb440c99e8d5751d5af2063","0",,"Microsoft.ActiveDirectory.Management.ADPropertyValueCollection",,"0","23/02/2023 20:11:53","23/02/2023 20:11:53",,,,"HealthMailbox-serv-exchange-008","CN=HealthMailbox502d383a8fb440c99e8d5751d5af2063,CN=Monitoring Mailboxes,CN=Microsoft Exchange System Objects,DC=powershell,DC=lab",,"False","Microsoft.ActiveDirectory.Management.ADPropertyValueCollection","HealthMailbox502d383a8fb440c99e8d5751d5af2063@powershell.lab",,,"True",,,,"False",,"CN=Mailbox Database 1575952284,CN=Databases,CN=Exchange Administrative Group (FYDIBOHF23SPDLT),CN=Administrative Groups,CN=powershell,CN=Microsoft Exchange,CN=Services,CN=Configuration,DC=powershell,DC=lab",,,,"4",,,"Microsoft.ActiveDirectory.Management.ADPropertyValueCollection",,,"0","0",,,"/o=powershell/ou=Exchange Administrative Group (FYDIBOHF23SPDLT)/cn=Recipients/cn=3f0f7064422d4d64992746a5292e4c4d-HealthMailbox","False","0",,"HealthMailbox502d383a8fb440c99e8d5751d5af2063@powershell.lab","HealthMailbox502d383a8fb440c99e8d5751d5af2063",,"True","Microsoft.ActiveDirectory.Management.ADPropertyValueCollection","False",,"23/02/2023 20:12:11","23/02/2023 20:12:11","0","104857600","94371840","6291456","31457280","20971520","2","/o=powershell/ou=Exchange Administrative Group (FYDIBOHF23SPDLT)/cn=Configuration/cn=Servers/cn=SERV-EXCHANGE","System.Byte[]","System.DirectoryServices.ActiveDirectorySecurity","Microsoft.ActiveDirectory.Management.ADPropertyValueCollection","CN=Default Role Assignment Policy,CN=Policies,CN=RBAC,CN=powershell,CN=Microsoft Exchange,CN=Services,CN=Configuration,DC=powershell,DC=lab",,"549755813888","Microsoft.ActiveDirectory.Management.ADPropertyValueCollection","Microsoft.ActiveDirectory.Management.ADPropertyValueCollection","0",,"88218628259840","23/02/2023 20:11:53","HealthMailbox502d383a8fb440c99e8d5751d5af2063","System.DirectoryServices.ActiveDirectorySecurity","CN=Person,CN=Schema,CN=Configuration,DC=powershell,DC=lab","user","1058637b-1442-4a1e-9c38-ec564ed7c87f","S-1-5-21-380670284-182084129-459501765-1155",,,,,"False","23/02/2023 20:11:53","True","False",,,"CN=Utilisateurs du domaine,CN=Users,DC=powershell,DC=lab","513","Microsoft.ActiveDirectory.Management.ADPropertyValueCollection",,"False","Microsoft.ActiveDirectory.Management.ADPropertyValueCollection","Microsoft.ActiveDirectory.Management.ADPropertyValueCollection","133216531139503341","HealthMailbox502d383","805306368",,"15","Microsoft.ActiveDirectory.Management.ADPropertyValueCollection","Microsoft.ActiveDirectory.Management.ADPropertyValueCollection","S-1-5-21-380670284-182084129-459501765-1155","Microsoft.ActiveDirectory.Management.ADPropertyValueCollection","False",,,,,"False","False","False","66048","Microsoft.ActiveDirectory.Management.ADPropertyValueCollection","HealthMailbox502d383a8fb440c99e8d5751d5af2063@powershell.lab","41043","41037","23/02/2023 20:12:11","23/02/2023 20:11:53"
,"9223372036854775807",,"False",,"False","Microsoft.ActiveDirectory.Management.ADPropertyValueCollection","Microsoft.ActiveDirectory.Management.ADPropertyValueCollection","0","0","0","False","powershell.lab/Microsoft Exchange System Objects/Monitoring Mailboxes/HealthMailbox35ffdf8efb704805ab9f8fcc42d16885","Microsoft.ActiveDirectory.Management.ADPropertyValueCollection",,"HealthMailbox35ffdf8efb704805ab9f8fcc42d16885","0",,"Microsoft.ActiveDirectory.Management.ADPropertyValueCollection",,"0","23/02/2023 20:12:11","23/02/2023 20:12:11",,,,"HealthMailbox-serv-exchange-009","CN=HealthMailbox35ffdf8efb704805ab9f8fcc42d16885,CN=Monitoring Mailboxes,CN=Microsoft Exchange System Objects,DC=powershell,DC=lab",,"False","Microsoft.ActiveDirectory.Management.ADPropertyValueCollection","HealthMailbox35ffdf8efb704805ab9f8fcc42d16885@powershell.lab",,,"True",,,,"False",,"CN=Mailbox Database 1575952284,CN=Databases,CN=Exchange Administrative Group (FYDIBOHF23SPDLT),CN=Administrative Groups,CN=powershell,CN=Microsoft Exchange,CN=Services,CN=Configuration,DC=powershell,DC=lab",,,,"4",,,"Microsoft.ActiveDirectory.Management.ADPropertyValueCollection",,,"0","0",,,"/o=powershell/ou=Exchange Administrative Group (FYDIBOHF23SPDLT)/cn=Recipients/cn=20a94d4743a248798f9d239bcd481f89-HealthMailbox","False","0",,"HealthMailbox35ffdf8efb704805ab9f8fcc42d16885@powershell.lab","HealthMailbox35ffdf8efb704805ab9f8fcc42d16885",,"True","Microsoft.ActiveDirectory.Management.ADPropertyValueCollection","False",,"23/02/2023 20:12:28","23/02/2023 20:12:28","0","104857600","94371840","6291456","31457280","20971520","2","/o=powershell/ou=Exchange Administrative Group (FYDIBOHF23SPDLT)/cn=Configuration/cn=Servers/cn=SERV-EXCHANGE","System.Byte[]","System.DirectoryServices.ActiveDirectorySecurity","Microsoft.ActiveDirectory.Management.ADPropertyValueCollection","CN=Default Role Assignment Policy,CN=Policies,CN=RBAC,CN=powershell,CN=Microsoft Exchange,CN=Services,CN=Configuration,DC=powershell,DC=lab",,"549755813888","Microsoft.ActiveDirectory.Management.ADPropertyValueCollection","Microsoft.ActiveDirectory.Management.ADPropertyValueCollection","0",,"88218628259840","23/02/2023 20:12:11","HealthMailbox35ffdf8efb704805ab9f8fcc42d16885","System.DirectoryServices.ActiveDirectorySecurity","CN=Person,CN=Schema,CN=Configuration,DC=powershell,DC=lab","user","fed4daa5-79e6-4a71-85df-825bac6b5dd1","S-1-5-21-380670284-182084129-459501765-1156",,,,,"False","23/02/2023 20:12:11","True","False",,,"CN=Utilisateurs du domaine,CN=Users,DC=powershell,DC=lab","513","Microsoft.ActiveDirectory.Management.ADPropertyValueCollection",,"False","Microsoft.ActiveDirectory.Management.ADPropertyValueCollection","Microsoft.ActiveDirectory.Management.ADPropertyValueCollection","133216531316095158","HealthMailbox35ffdf8","805306368",,"15","Microsoft.ActiveDirectory.Management.ADPropertyValueCollection","Microsoft.ActiveDirectory.Management.ADPropertyValueCollection","S-1-5-21-380670284-182084129-459501765-1156","Microsoft.ActiveDirectory.Management.ADPropertyValueCollection","False",,,,,"False","False","False","66048","Microsoft.ActiveDirectory.Management.ADPropertyValueCollection","HealthMailbox35ffdf8efb704805ab9f8fcc42d16885@powershell.lab","41055","41049","23/02/2023 20:12:28","23/02/2023 20:12:11"
,"9223372036854775807",,"False",,"False","Microsoft.ActiveDirectory.Management.ADPropertyValueCollection","Microsoft.ActiveDirectory.Management.ADPropertyValueCollection","0","0","0","False","powershell.lab/Microsoft Exchange System Objects/Monitoring Mailboxes/HealthMailbox052209a6888343029851d66ab4fafb3d","Microsoft.ActiveDirectory.Management.ADPropertyValueCollection",,"HealthMailbox052209a6888343029851d66ab4fafb3d","0",,"Microsoft.ActiveDirectory.Management.ADPropertyValueCollection",,"0","23/02/2023 20:12:29","23/02/2023 20:12:29",,,,"HealthMailbox-serv-exchange-010","CN=HealthMailbox052209a6888343029851d66ab4fafb3d,CN=Monitoring Mailboxes,CN=Microsoft Exchange System Objects,DC=powershell,DC=lab",,"False","Microsoft.ActiveDirectory.Management.ADPropertyValueCollection","HealthMailbox052209a6888343029851d66ab4fafb3d@powershell.lab",,,"True",,,,"False",,"CN=Mailbox Database 1575952284,CN=Databases,CN=Exchange Administrative Group (FYDIBOHF23SPDLT),CN=Administrative Groups,CN=powershell,CN=Microsoft Exchange,CN=Services,CN=Configuration,DC=powershell,DC=lab",,,,"4",,,"Microsoft.ActiveDirectory.Management.ADPropertyValueCollection",,,"0","0",,,"/o=powershell/ou=Exchange Administrative Group (FYDIBOHF23SPDLT)/cn=Recipients/cn=e7ac55040f4c40ba8bf8840a7310f420-HealthMailbox","False","0",,"HealthMailbox052209a6888343029851d66ab4fafb3d@powershell.lab","HealthMailbox052209a6888343029851d66ab4fafb3d",,"True","Microsoft.ActiveDirectory.Management.ADPropertyValueCollection","False",,"23/02/2023 20:12:44","23/02/2023 20:12:44","0","104857600","94371840","6291456","31457280","20971520","2","/o=powershell/ou=Exchange Administrative Group (FYDIBOHF23SPDLT)/cn=Configuration/cn=Servers/cn=SERV-EXCHANGE","System.Byte[]","System.DirectoryServices.ActiveDirectorySecurity","Microsoft.ActiveDirectory.Management.ADPropertyValueCollection","CN=Default Role Assignment Policy,CN=Policies,CN=RBAC,CN=powershell,CN=Microsoft Exchange,CN=Services,CN=Configuration,DC=powershell,DC=lab",,"549755813888","Microsoft.ActiveDirectory.Management.ADPropertyValueCollection","Microsoft.ActiveDirectory.Management.ADPropertyValueCollection","0",,"88218628259840","23/02/2023 20:12:29","HealthMailbox052209a6888343029851d66ab4fafb3d","System.DirectoryServices.ActiveDirectorySecurity","CN=Person,CN=Schema,CN=Configuration,DC=powershell,DC=lab","user","cc14226d-a872-44b9-ac96-092f18c32bd0","S-1-5-21-380670284-182084129-459501765-1157",,,,,"False","23/02/2023 20:12:29","True","False",,,"CN=Utilisateurs du domaine,CN=Users,DC=powershell,DC=lab","513","Microsoft.ActiveDirectory.Management.ADPropertyValueCollection",,"False","Microsoft.ActiveDirectory.Management.ADPropertyValueCollection","Microsoft.ActiveDirectory.Management.ADPropertyValueCollection","133216531492044089","HealthMailbox052209a","805306368",,"15","Microsoft.ActiveDirectory.Management.ADPropertyValueCollection","Microsoft.ActiveDirectory.Management.ADPropertyValueCollection","S-1-5-21-380670284-182084129-459501765-1157","Microsoft.ActiveDirectory.Management.ADPropertyValueCollection","False",,,,,"False","False","False","66048","Microsoft.ActiveDirectory.Management.ADPropertyValueCollection","HealthMailbox052209a6888343029851d66ab4fafb3d@powershell.lab","41067","41061","23/02/2023 20:12:44","23/02/2023 20:12:29"
,"9223372036854775807",,"False",,"False","Microsoft.ActiveDirectory.Management.ADPropertyValueCollection","Microsoft.ActiveDirectory.Management.ADPropertyValueCollection","0","0","0","False","powershell.lab/Users/toto","Microsoft.ActiveDirectory.Management.ADPropertyValueCollection",,"toto","0",,"Microsoft.ActiveDirectory.Management.ADPropertyValueCollection",,"0","28/02/2023 10:25:38","28/02/2023 10:25:38",,,,"toto","CN=toto,CN=Users,DC=powershell,DC=lab",,"False","Microsoft.ActiveDirectory.Management.ADPropertyValueCollection","toto@powershell.lab",,,"True",,"toto",,"False",,"CN=Mailbox Database 1575952284,CN=Databases,CN=Exchange Administrative Group (FYDIBOHF23SPDLT),CN=Administrative Groups,CN=powershell,CN=Microsoft Exchange,CN=Services,CN=Configuration,DC=powershell,DC=lab",,,,"4",,,"Microsoft.ActiveDirectory.Management.ADPropertyValueCollection",,,"0","0",,,"/o=powershell/ou=Exchange Administrative Group (FYDIBOHF23SPDLT)/cn=Recipients/cn=f057ff37157a4b6cb180d2911297c9ba-toto","False","0",,"toto@powershell.lab","toto",,"True","Microsoft.ActiveDirectory.Management.ADPropertyValueCollection","False",,"28/02/2023 11:16:17","28/02/2023 11:16:17","0","104857600","94371840","6291456","31457280","20971520","130","/o=powershell/ou=Exchange Administrative Group (FYDIBOHF23SPDLT)/cn=Configuration/cn=Servers/cn=SERV-EXCHANGE","System.Byte[]","System.DirectoryServices.ActiveDirectorySecurity","Microsoft.ActiveDirectory.Management.ADPropertyValueCollection","CN=Default Role Assignment Policy,CN=Policies,CN=RBAC,CN=powershell,CN=Microsoft Exchange,CN=Services,CN=Configuration,DC=powershell,DC=lab","1073741824","1","Microsoft.ActiveDirectory.Management.ADPropertyValueCollection","Microsoft.ActiveDirectory.Management.ADPropertyValueCollection","0",,"88218628259840","28/02/2023 10:25:37","toto","System.DirectoryServices.ActiveDirectorySecurity","CN=Person,CN=Schema,CN=Configuration,DC=powershell,DC=lab","user","d20e4c18-5032-4dcd-9bdd-ae5e7f49c426","S-1-5-21-380670284-182084129-459501765-1161",,,,,"False","28/02/2023 10:25:38","False","False",,,"CN=Utilisateurs du domaine,CN=Users,DC=powershell,DC=lab","513","Microsoft.ActiveDirectory.Management.ADPropertyValueCollection",,"False","Microsoft.ActiveDirectory.Management.ADPropertyValueCollection","Microsoft.ActiveDirectory.Management.ADPropertyValueCollection","133220499380630477","toto","805306368",,"15","Microsoft.ActiveDirectory.Management.ADPropertyValueCollection","Microsoft.ActiveDirectory.Management.ADPropertyValueCollection","S-1-5-21-380670284-182084129-459501765-1161","Microsoft.ActiveDirectory.Management.ADPropertyValueCollection","False",,,"tata",,"False","False","False","512","Microsoft.ActiveDirectory.Management.ADPropertyValueCollection","toto@powershell.lab","46745","46689","28/02/2023 11:16:17","28/02/2023 10:25:38"
,"9223372036854775807",,"False",,"False","Microsoft.ActiveDirectory.Management.ADPropertyValueCollection","Microsoft.ActiveDirectory.Management.ADPropertyValueCollection","0","0","0","False","powershell.lab/Users/Bourreau Raphael","Microsoft.ActiveDirectory.Management.ADPropertyValueCollection","Lyon","Bourreau Raphael","0","TotoChinken Inc.","Microsoft.ActiveDirectory.Management.ADPropertyValueCollection","fr","0","28/02/2023 23:39:57","28/02/2023 23:39:57",,"Comptabilité",,"Bourreau Raphael","CN=Bourreau Raphael,CN=Users,DC=powershell,DC=lab",,"False","Microsoft.ActiveDirectory.Management.ADPropertyValueCollection",,,,"True",,"Raphael",,"False",,,,,,"4",,,"Microsoft.ActiveDirectory.Management.ADPropertyValueCollection",,,"0","0",,,,"False","0",,,,,,"Microsoft.ActiveDirectory.Management.ADPropertyValueCollection","False",,"28/02/2023 23:39:57","28/02/2023 23:39:57","8388608",,,,,,,,,,"Microsoft.ActiveDirectory.Management.ADPropertyValueCollection",,,,"Microsoft.ActiveDirectory.Management.ADPropertyValueCollection","Microsoft.ActiveDirectory.Management.ADPropertyValueCollection",,,,,"Bourreau Raphael","System.DirectoryServices.ActiveDirectorySecurity","CN=Person,CN=Schema,CN=Configuration,DC=powershell,DC=lab","user","c0890c32-791e-421c-b6f5-26ca78357f8c","S-1-5-21-380670284-182084129-459501765-1168",,,,,"True",,"False","False",,"69003","CN=Utilisateurs du domaine,CN=Users,DC=powershell,DC=lab","513","Microsoft.ActiveDirectory.Management.ADPropertyValueCollection",,"False","Microsoft.ActiveDirectory.Management.ADPropertyValueCollection","Microsoft.ActiveDirectory.Management.ADPropertyValueCollection","0","r.bourreau","805306368",,"15","Microsoft.ActiveDirectory.Management.ADPropertyValueCollection","Microsoft.ActiveDirectory.Management.ADPropertyValueCollection","S-1-5-21-380670284-182084129-459501765-1168","Microsoft.ActiveDirectory.Management.ADPropertyValueCollection","False",,,"Bourreau",,"False","False","False","512","Microsoft.ActiveDirectory.Management.ADPropertyValueCollection",,"47476","47472","28/02/2023 23:39:57","28/02/2023 23:39:57"
